SITC 4 DIGIT,4D DESC
0011,LIVE ANIMALS; BOVINE
0012,LIVE ANIMALS; SHEEP AND GOATS
0013,LIVE ANIMALS; SWINE
0014,"POULTRY, LIVE"
0015,"LIVE ANIMALS; HORSES, ASSES, MULES AND HINNIES"
0019,LIVE ANIMALS; N.E.S IN GROUP 001
0111,"MEAT OF BOVINE ANIMALS, FRESH OR CHILLED"
0112,"MEAT AND MEAT PREPARATIONS; OF BOVINE ANIMALS, FROZEN"
0121,"MEAT OF SHEEP OR GOATS, FRESH, CHILLED OR FROZEN"
0122,"MEAT AND MEAT PREPARATIONS; OF SWINE, FRESH, CHILLED OR FROZEN"
0123,"MEAT AND EDIBLE OFFAL OF POULTRY, CHILLED OR FROZEN"
0125,"EDIBLE OFFAL OF BOVINE ANIMALS, FRESH, CHILLED OR FROZEN"
0129,"MEAT AND EDIBLE MEAT OFFAL, FRESH, CHILLED OR FROZEN, NOT ELSEWHERE SPECIFIED"
0161,"MEAT AND EDIBLE MEAT OFFAL; BACON, HAM AND OTHER DRIED, SALTED OR SMOKED MEAT OF SWINE"
0168,"MEAT AND EDIBLE MEAT OFFAL, OTHER THAN MEAT OF SWINE, SALTED, IN BRINE, DRIED OR SMOKED; EDIBLE FLOURS AND MEALS OF MEAT OR MEAT OFFAL"
0171,"EXTRACTS AND JUICES OF MEAT, FISH OR CRUSTACEANS, MOLLUSCS OR OTHER AQUATIC INVERTEBRATES"
0172,"MEAT AND EDIBLE MEAT OFFAL; SAUSAGES AND SIMILAR PRODUCTS OF MEAT, MEAT OFFALS OR BLOOD; FOOD PREPARATIONS BASED ON THESE PRODUCTS"
0173,"LIVER OF ANY ANIMAL, PREPARED OR PRESERVED, NOT ELSEWHERE SPECIFIED"
0174,"MEAT AND OFFAL (OTHER THAN LIVER; OF POULTRY OF SUBGROUP 001.4, PREPARED OR PRESERVED"
0175,"MEAT AND OFFAL (OTHER THAN LIVER), OF SWINE, PREPARED OR PRESERVED, NOT ELSEWHERE SPECIFIED"
0176,"MEAT AND OFFAL (OTHER THAN LIVER), OF BOVINE ANIMALS, PREPARED OR PRESERVED, NOT ELSEWHERE SPECIFIED"
0179,OTHER PREPARATION OR PRESERVED MEAT OR MEAT OFFAL
0221,MILK (INCLUDING SKINNED MILK) AND CREAM; NOT CONCENTRATED OR SWEETENED
0222,"MILK AND CREAM, CONDENSED OR SWEETENED"
0223,"YOGURT; BUTTERMILK, CURDLED, FERMENTED OR ACIDIFIED MILK AND CREAM; ICE CREAM"
0224,"WHEY; PRODUCTS CONSISTING OF NATURAL MILK CONSTITUENTS, NOT ELSEWHERE SPECIFIED"
0230,BUTTER AND OTHER FATS AND OILS DERIVED FROM MILK; DAIRY SPREADS
0241,"GRATED OR POWDERED CHEESE, OF ALL KINDS"
0242,"CHEESE; NOT GRATED OR POWDERED, PROCESSED"
0243,BLUE-VEINED CHEESE AND OTHER CHEESE CONTAINING VEINS PRODUCED BY PENICILLIUM ROQUEFORTI
0249,"CHEESE; N.E.S IN GROUP 024, CURD"
0251,"BIRDS' EGGS, IN SHELL, FRESH, PRESERVED OR COOKED"
0252,"BIRDS' EGGS, NOT IN SHELL AND EGG YOLKS"
0253,EGG ALBUMIN
0341,"FISH, FRESH (LIVE OR DEAD) OR CHILLED (EXCLUDING FILLETS AND MINCED FISH)"
0342,"FISH, FROZEN"
0344,"FISH FILLETS, FROZEN"
0345,"FISH; FRESH OR CHILLED, FILLETS, AND OTHER FISH MEAT (WHETHER OR NOT MINCED), FRESH, CHILLED OR FROZEN"
0351,"FISH, DRIED, SALTED OR IN BRINE, BUT NOT SMOKED"
0352,FISH SALTED BUT NOT DRIED OR SMOKED AND FISH IN BRINE
0353,"FISH (INCLUDING FILLETS), SMOKED, WHETHER OR NOT COOKED BEFORE OR DURING THE SMOKING PROCESS"
0354,"FISH LIVER AND ROES, DRIED, SMOKED, SALTED OR IN BRINE"
0355,FISH MEAL FIT FOR HUMAN CONSUMPTION
0361,"CRUSTACEANS, FROZEN"
0362,"CRUSTACEANS; OTHER THAN FROZEN, INCLUDING FLOURS, MEALS AND PELLETS, FIT FOR HUMAN CONSUMPTION"
0363,"MOLLUSCS AND AQUATIC INVERTEBRATES; FRESH, CHILLED, FROZEN, DRIED, SALTED OR IN BRINE; FLOUR, MEALS AND PELLETS OF AQUATIC INVETEBRATES (OTHER THAN CRUSTACEANS) FIT FOR HUMAN CONSUMPTION"
0371,"FISH, PREPARATION OR PRESERVED, NOT ELSEWHERE SPECIFIED; CAVIAR AND CAVIAR SUBSTITUTES PREPARED FROM FISH EGGS"
0372,"CRUSTACEANS, MOLLUSCS AMD OTHER AQUATIC INVERTEBRATES, PREPARED OR PRESERVED, NOT ELSEWHERE SPECIFIED"
0411,"WHEAT; DURUM , UNMILLED"
0412,"WHEAT; OTHER THAN DURUM, INCLUDING SPELT AND MESLIN, UNMILLED"
0421,"RICE; IN THE HUSK, (PADDY OR ROUGH RICE)"
0422,"RICE HUSKED, BUT NOT FURTHER PREPARED (CARGO RICE OR BROWN RICE)"
0423,"RICE, SEMI-MILLED OR WHOLLY MILLED, WHETHER OR NOT GLAZED, POLISHED, PARBOILED OR CONVERTED"
0430,"BARLEY, UNMILLED"
0441,"MAIZE; NOT INCLUDING SWEET CORN, UNMILLED, SEED"
0449,"MAIZE; NOT INCLUDING SWEET CORN, UNMILLED, OTHER THAN SEED"
0451,"CEREALS; RYE, UNMILLED"
0452,"OATS, UNMILLED"
0453,"CEREALS; GRAIN SORGHUM, UNMILLED"
0459,"CEREALS; BUCKWHEAT, MILLET, CANARY SEED AND OTHER CEREALS, N.E.S IN DIVISION 04, UNMILLED"
0461,FLOUR OF WHEAT OR MESLIN
0462,"GROATS, MEAL OR PELLETS, OF WHEAT"
0471,CEREAL FLOURS (OTHER THAN OF WHEAT OR MESLIN)
0472,"CEREAL GROATS, MEAL AND PELLETS (OTHER THAN OF WHEAT)"
0481,"CEREAL GRAINS, WORKED OR PREPARED IN A MANNER, NOT ELSEWHERE SPECIFIED (INCLUDING 'PREPARED BREAKFAST FOODS')"
0482,"MALT, WHETHER OR NOT ROASTED"
0483,"MACARONI, SPAGHETTI AND SIMILAR PRODUCTS (PASTA) UNCOOKED, NOT STUFFED OR OTHERWISE PREPARED"
0484,"BREAD, PASTRY, CAKES, BISCUITS AND OTHER BAKERS' WARES, WETHER OR NOT CONTAINING COCOA IN ANY PROPORTION; COMMUNION WAFERS, EMPTY CACHETS OF A KIND SUITABLE FOR PHARMACEUTICAL USE, SEALING WAFERS, RICE PAPER AND SIMILAR PRODUCTS"
0485,MIXES AND DOUGHS FOR THE PREPARATION OF BAKERS' WARES OF HEADING 048.4
0541,"VEGETABLES; POTATOES (EXCLUDING SWEET POTATOES), FRESH OR CHILLED"
0542,"VEGETABLES; LEGUMINOUS, DRIED, SHELLED, WHETHER OR NOT SKINNED OR SPLIT"
0544,"VEGETABLES; TOMATOES, FRESH OR CHILLED"
0545,"VEGETABLES; N.E.S. IN GROUP 054, FRESH OR CHILLED"
0546,"VEGETABLES (UNCOOKED OR COOKED BY STEAMING OR BOILING IN WATER), FROZEN"
0547,"VEGETABLES PROVISIONALLY PRESERVED, BUT UNSUITABLE FOR IMMEDIATE CONSUMPTION"
0548,"VEGETABLES PRODUCTS; ROOTS AND TUBERS, CHIEFLY FOR HUMAN FOOD, N.E.S., FRESH, DRIED OR CHILLED"
0561,"VEGETABLES DRIED, WHOLE, CUT, SLICED, BROKEN, IN POWDER, NOT FURTHER PREPARED"
0564,"VEGETABLES; OF POTATOES, FLOURS, MEALS, FLAKES, GRANULES AND PELLETS; FRUITS AND VEGETABLES, N.E.S. IN DIVISION 05"
0566,"VEGETABLES, PREPARED OR PRESERVED OTHERWISE THAN BY VINEGAR OR ACETIC ACID, NOT ELSEWHERE SPECIFIED, FROZEN"
0567,"VEGETABLES; PREPARED OR PRESERVED, N.E.S. IN DIVISION 05"
0571,"ORANGES, MANDARINS, CLEMENTINES AND SIMILAR CITRUS HYBRIDS, FRESH OR DRIED"
0572,"FRUITS; CITRUS, OTHER THAN ORANGES, MANDARINS, CLEMENTINES AND SIMILAR CITRUS HYBRIDS, FRESH OR DRIED"
0573,"BANANAS, FRESH OR DRIED"
0574,"APPLES, FRESH"
0575,"FRUITS; GRAPES, FRESH OR DRIED"
0576,"FRUITS; FIGS, FRESH OR DRIED"
0577,"EDIBLE NUTS (EXCLUDING NUTS CHIEFLY NEED FOR THE EXTRACTION OF OIL), FRESH OR DRIED, WHETHER OR NOT SHELLED OR PEELED"
0579,"FRUITS; FRESH OR DRIED, N.E.S. IN GROUP 057"
0581,"JAMS, FRUIT JELLIES, MARMALADES, FRUIT OR NUT PUREE AND FRUIT OR NUT PASTES, BEING COOKED PREPARATIONS, WHETHER OR NOT CONTAINING ADDED SUGAR OR OTHER SWEETENING MATTER, NOT INCLUDING HOMOGENIZED PREPARATIONS"
0582,FRUIT AND NUTS; PROVISIONALLY PRESERVED; PEEL OF CITRUS FRUIT OR MELONS
0583,"FRUIT AND NUTS, UNCOOKED OR COOKED BY STEAMING OR BOILING IN WATER, FROZEN, WHETHER OR NOT CONTAINING ADDED SUGAR OR OTHER SWEETENING MATTER"
0589,"FRUIT, NUTS AND OTHER EDIBLE PARTS OF PLANTS OTHERWISE PREPARED OR PRESERVED, NOT ELSEWHERE SPECIFIED"
0591,ORANGE JUICE
0592,FRUIT JUICES; GRAPE
0593,"FRUIT JUICES; CITRUS, OTHER THAN ORANGE"
0599,JUICE OF ANY SINGLE FRUIT OR VEGETABLES; MIXTURES OF FRUIT OR VEGETABLES JUICES
0611,"SUGARS; BEET OR CANE, RAW, IN SOLID FORM, NOT CONTAINING ADDED FLAVOURING OR COLOURING MATTER"
0612,"OTHER BEET OR CANE SUGAR AND CHEMICAL PURE SUCROSE, IN SOLID FORM"
0615,MOLASSES RESULTING FROM THE EXTRACTION OR REFINING OF SUGAR
0616,NATURAL HONEY
0619,"SUGARS; N.E.S IN GROUP 061, INCLUDING PURE LACTOSE, MALTOSE, GLUCOSE AND FRUCTOSE, IN SOLID FORM; SUGAR SYRUPS NOT CONTAINING ADDED FLAVOURING OR COLOURING MATTER; ARTIFICIAL HONEY (WHETHER OR NOT MIXED WITH NATURAL HONEY); CARAMEL"
0621,"SUGAR CONFECTIONERY; FRUIT, NUTS, FRUIT-PEEL AND OTHER PARTS OF PLANTS, PRESERVED BY SUGAR OR OTHER SWEETENING MATTER (DRAINED, GLACE OR CRYSTALLIZED)"
0622,"SUGAR CONFECTIONERY; INCLUDING WHITE CHOCOLATE, NOT CONTAINING COCOA"
0711,"COFFEE, NOT ROASTED, WHETHER OR NOT DECAFFEINATED; COFFEE HUSKS AND SKINS"
0712,COFFEE; ROASTED
0713,"COFFEE; EXTRACTS, ESSENCES AND CONCENTRATES, AND PREPARATIONS WITH A BASIS OF THESE PRODUCT; COFFEE SUBTITUTES AND EXTRACTS, ESSENCES AND CONCENTRATES THEREOF"
0721,"COCOA; BEANS, WHOLE OR BROKEN, RAW OR ROASTED"
0722,COCOA POWDER NOT CONTAINING ADDED SUGAR OR OTHER SWEETENING MATTER
0723,"COCOA; PASTE, WHETHER OR NOT DEFATTED"
0724,"COCOA BUTTER, FAT OR OIL"
0725,"COCOA SHELLS, HUSKS, SKINS AND OTHER COCOA WASTE"
0731,"COCOA; POWDER, CONTAINING ADDED SUGAR OR OTHER SWEETENING MATTER"
0732,"OTHER FOOD PREPARATIONS CONTAINING COCOA, IN BLOCKS OR SLABS WEIGHING MORE THAN 2 KG OR IN LIQUID, PASTE, POWDER, GRANULAR OR OTHER BULK FORM IN CONTAINERS OR IMMEDIATE PACKING OF A CONTENT EXCEEDING 2 KG"
0733,"OTHER FOOD PREPARATIONS CONTAINING COCOA, IN BLOCKS, SLAB OR BARS"
0739,"COCOA; OTHER CHOCOLATE AND FOOD PREPARATIONS CONTAINING COCOA, N.E.S. IN DIVISION 07"
0741,TEA
0743,"MATE; EXTRACTS, ESSENCES AND CONCENTRATES OF TEA OR MATE AND THEIR PREPARATIONS"
0751,"PEPPER; FRUITS, DRIED OR CRUSHED OR GROUND"
0752,SPICES; EXCEPT PEPPER AND PINENTO
0811,"FEEDING STUFF FOR ANIMALS; NOT INCLUDING UNMILLED CEREALS, HAY AND FODDER, GREEN OR DRY"
0812,"FEEDING STUFF FOR ANIMALS; NOT INCLUDING UNMILLED CEREALS, BRAN, SHARPS AND OTHER RESIDUES, WHETHER OR NOT IN THE FORM OF PELLETS, DERIVED FROM THE SIFTING, MILLING OR OTHER WORKING OF CEREALS OR OF LEGUMINOUS PLANTS"
0813,"FEEDING STUFF FOR ANIMALS; NOT INCLUDING UNMILLED CEREALS, OIL-CAKE AND OTHER SOLID RESIDUES (EXCEPT DREGS), WHETHER OR NOT GROUND OR IN THE FORM OF PELLETS, RESULTING FROM THE EXTRACTION OF FATS OR OILS FROM OILSEEDS, OLEAGINOUS FRUITS AND GERMS OF CEREA"
0814,"FLOURS, MEALS AND PELLETS, OF MEAT/OFFAL/FISH/CRUSTAC/MOLLS AND AQUATIC INVERTEBRATES NOT FOR HUMAN CONSUMPTION"
0815,"RESIDUES OF STARCH MANUFACTURES AND RESIDUES, BEET-PULP, BAGASSE; BREWING OR DISTILLING DREGS AND WASTE"
0819,"FOOD WASTES AND PREPARED ANIMAL FEEDS, NOT ELSEWHERE SPECIFIED"
0910,MARGARINE; EDIBLE MIXTURES OR PREPARATIONS OF ANIMAL OR VEGETABLES FATS
0981,HOMOGENIZED FOOD PREPARATIONS
0984,SAUCES AND PREPARATIONS THEREOF; MIXED CONDIMENTS AND MIXED SEASONINGS; MUSTARD FLOUR AND MEAL AND PREPARATION MUSTARD; VINEGAR AND SUBSTITUTES FOR VINEGAR OBTAINED FROM ACETIC ACID
0985,SOUPS AND BROTHS AND PREPARATIONS THEREFOR
0986,"YEASTS; OTHER SINGLE-CELL MICRO-ORGANISMS, DEAD; PREPARED BAKING POWDERS"
0989,"FOOD PREPARATIONS, NOT ELSEWHERE SPECIFIED"
1110,"BEVERAGES; NON-ALCOHOLIC, N.E.S."
1121,"BEVERAGES; ALCOHOLIC, WINE OF FRESH GRAPES (INCLUDING FORTIFIED WINE); GRAPE MUST BE IN FERMENTATION OR WITH FERMENTATION ARRESTED"
1122,"FERMENTED BEVERAGES, NOT ELSEWHERE SPECIFIED (E.G., CIDER, PERRY, NEAD)"
1123,"BEER MADE FROM MALT (INCLUDING ALE, STOUT AND PORTER)"
1124,"SPIRITS; LIQUEURS AND OTHER SPIRITUOUS BEVERAGES, NOT ELSEWHERE SPECIFIED"
1211,"TOBACCO, NOT STEMMED OR STRIPPED"
1212,"TOBACCO, WHOLLY OR PARTLY STEMMED OR STRIPPED"
1213,TOBACCO REFUSE
1221,"CIGARS, CHEROOTS AND CIGARILLOS, CONTAINING TOBACCO"
1222,CIGARETTES CONTAINING TOBACCO
1223,OTHER MANUFACTURED TOBACCO; TOBACCO EXTRACTS AND ESSENCES
2112,"WHOLE HIDES OR SKINS OF BOVINE ANIMALS, NOT MORE THAN 8 KG WHEN SIMPLY DRIED, NOT MORE THAN 10 KG WHEN DRY-SALTED"
2116,"SHEEP SKINS AND LAMB SKINS WITH WOOL ON, RAW, WHETHER OR NOT SPLIT"
2117,"SKINS; SHEEP AND LAMB, WITHOUT WOOL ON, RAW, FRESH OR SALTED, DRIED, LINED, PICKLED OR OTHERVIEW PRESERVED BUT NOT TANNED, PARCHMENT-DRESSED OR FURTHER PREPARED, WHETHER OR NOT SPLIT"
2119,"HIDES AND SKINS, NOT ELSEWHERE SPECIFIED; WASTE AND USED LEATHER"
2121,"MINK SKINS, RAW, WHOLE, WITH OR WITHOUT HEAD, TAIL OR PAWS"
2122,"RAW FURSKINS, OTHER THAN OF MINK, WHOLE"
2221,"GROUNDNUTS, NOT ROASTED OR COOKED, WHETHER OR NOT SHELLED OR BROKEN"
2222,SOYA BEANS
2223,COTTON SEEDS
2224,SUNFLOWER SEEDS
2225,SESAME (SESAMUM) SEEDS
2226,"OIL SEEDS AND OLEAGINOUS FRUITS; RAPE, COLZA AND MUSTARD SEEDS"
2231,OIL SEEDS AND OLEAGINOUS FRUITS; COPRA
2234,LINSEED
2237,OIL SEEDS AND OLEAGINOUS FRUITS; N.E.S IN DIVISION 22
2239,"FLOURS AND MEALS OF OIL SEEDS OR OLEAGINOUS FRUITS (EXCLUDING MUSTARD FLOUR), NOT -DEFATTED, PARTIALLY DEFATTED AND WHOLLY OR PARTIALLY REFATTED WITH THEIR ORIGINAL OILS"
2311,"RUBBER; NATURAL, LATEX, WHETHER OR NOT PREVULCANISED, IN PRIMARY FORMS OR IN PLATES, SHEETS OR STRIPS"
2312,NATURAL RUBBER (OTHER THAN LATEX)
2313,"BALATA, GUTTA-PERCHA, GUAYULE, CHICLE AND SIMILAR NATURAL GUMS"
2321,"SYNTHETIC RUBBER AND FACTICE IN PRIMARY FORMS OR PLATES, SHEETS OR STRIP"
2322,"RUBBER; RECLAIMED, WASTE AND SCRAP, OF UNHARDENED RUBBER"
2440,"CORK, NATURAL, RAW AND WASTE (INCLUDING NATURAL CORK IN BLOCKS OR SHEETS)"
2450,FUEL WOOD (EXCLUDING WOOD WASTE) AND WOOD CHARCOAL
2461,WOOD; IN CHIPS OR PARTICLES
2462,"SAWDUST AND WOOD WASTE AND SCRAP, IN LOGS, BRIQUETTES, PELLETS OR SIMILAR FORMS"
2473,"WOOD; IN THE ROUGH (WHETHER OR NOT STRIPPED OF BARK OR SAPWOOD ) OR ROUGHLY SQUARED, TREATED WITH PAINT, STAINS OR OTHER PRESERVATIVES"
2474,"WOOD, OF CONIFEROUS SPECIES, IN THE ROUGH (WHETHER OR NOT STRIPPED OF BARK OR SAPWOOD) OR ROUGHLY SQUARED, NOT TREATED WITH PAINT, STAINS OR PRESERVATIVES"
2475,"WOOD, OF NON-CONIFEROUS SPECIES, IN THE ROUGH (WHETHER OR NOT STRIPPED OF BARK OR SAPWOOD) OR ROUGHLY SQUARED, BUT NOT TREATED WITH PAINT, STAINS OR PRESERVATIVES"
2479,"WOOD; IN THE ROUGH OR ROUGHLY SQUARED, N.E.S. IN GROUP 247"
2481,WOOD; RAILWAY OR TRAMWAY SLEEPERS (CROSS-TIES)
2482,"WOOD OF CONIFEROUS SPECIES, SAWN OR CHIPPED LENGTHWISE, SLICED OR PEELED, OF A THICKNESS MORE THAN 6 MM"
2483,"WOOD; OF CONIFEROUS SPECIES (INCLUDING STRIPS AND FRIEZES FOR PARQUET FLOORING, NOT ASSEMBLED), CONTINUOUSLY SHAPED (TONGUED, GROOVED, REBATED, CHANFERED, V-JOINTED, BENDED, MOULDED, ROUNDED OR THE LIKE, ALONG ANY OF ITS EDGES OF FACES, WHETER OR NOT PLAN"
2484,"WOOD OF NON-CONIFEROUS SPECIES, SAWN OR CHIPPED LENGTHWISE, SLICED OR PEELED, WHETHER OR NOT PLANED , SANDED OR FINGER-JOINTED, OF A THICKNESS EXCEEDING 6 MM"
2485,"WOOD OF NON-CONIFEROUS SPECIES (INCLUDING STRIPES AND FRIEZES FOR PARQUET FLOORING, NOT ASSEMBLED), CONTINUOUSLY SHAPED (TONGUED, GROOVED, REBATED, CHANFORED, V-JOINTED, BEADED, MOULDED, ROUNDED OR THE LIKE) ALONG ANY OF ITS EDGES OR FACES, WHATHER OR NOT"
2511,"PULP AND WASTE PAPER; WASTE AND SCRAP, RECOVERED"
2512,MECHANICAL WOOD PULP
2513,"CHEMICAL WOOD PULP, DISOLVING GRADES"
2514,"CHEMICAL WOOD PULP, SODA OR SULPHATE, UNBLEACHED (EXCLUDING DISOLVING GRADES)"
2515,"CHEMICAL WOOD PULP, SODA OR SULPHATE, SEMI-BLEACHED OR BLEACHED (OTHER THAN DISOLVING GRADES)"
2516,"PULP AND WASTE PAPER; CHEMICAL WOOD PULP, SULPHITE, OTHER THAN DISOLVING GRADES"
2519,SEMI-CHEMICAL WOOD PULP AND PULPS OF OTHER FIBROUS CELLULOSIC MATERIAL
2613,RAW SILK (NOT THROWN)
2614,SILK; WORM COCOONS AND SILK WASTE
2631,"COTTON (OTHER THAN LINTERS), NOT CARDED OR COMBED"
2632,COTTON LINTERS
2633,COTTON; WASTE (INCLUDING YARN WASTE AND GARNETTED STOCK)
2634,COTTON; CARDED OR COMBED
2641,"JUTE AND OTHER TEXTILE BAST FIBRES, RAW OR RETTED"
2649,"JUTE AND OTHER TEXTILE BAST FIBRES; N.E.S. IN SUBGROUP 264.1, RAW OR PROCESSED BUT NOT SPUN; TOW AND WASTE OF THESE FIBRES (INCLUDING YARN WASTE AND GARNETTED STOCK)"
2651,"FLAX, RAW OR PROCESSED, BUT NOT SPUN; FLAX TOW AND WASTE (INCLUDING YARN WASTE AND GARNETTED STOCK)"
2652,"TRUE HEMP (CANABIS SATIVA L), RAW OR PROCESSED, BUT NOT SPUN; TOW AND WASTE OF TRUE HEMP (INCLUDING YARN WASTE AND GARNETTED STOCK)"
2658,"VEGETABLES TEXTILE FIBRES, NOT ELSEWHERE SPECIFIED, RAW OR PROCESSED, BUT NOT SPUN; WASTE OF THESE FIBRES"
2665,"SYNTHETIC STAPLE FIBRES, NOT CARDED, COMBED OR OTHERWISE PROCESSED FOR SPINNING"
2666,SYNTHETIC FILAMENT; TOW
2667,"SYNTHETIC FIBRES; STAPLE , CARDED, COMBED OR OTHERWISE PROCESSED FOR SPINNING"
2671,"MAN-MADE FIBRES; ARTIFICIAL, SUITABLE FOR SPINNING"
2672,"MAN-MADE FIBRES; WASTE (INCLUDING NOILS, YARN WASTE AND GARNETTED STOCK)"
2681,WOOL; GREASY (INCLUDING FLEECE-WASHED WOOL)
2682,"WOOL; OTHER THAN GREASY, NOT CARDED OR COMBED"
2683,"ANIMAL HAIR; FINE, NOT CARDED OR COMBED"
2686,"ANIMAL HAIR; WOOL OR OF FINE OR COARSE ANIMAL HAIR, WASTE, OTHER THAN HORSEHAIR (INCLUDING YARN WASTE AND GARNETTED STOCK)"
2687,"ANIMAL HAIR; WOOL OR FINE OR COARSE, CARDED OR COMBED, INCLUDING COMBED WOOL IN FRAGMENTS"
2690,WORN CLOTHING AND OTHER WORN TEXTILE ARTICLES; RAGS
2721,"ANIMAL OR VEGETABLES FERTILIZERS, WHETHER OR NOT MIXED TOGETHER OR CHEMICALLY TREATED; FIRTILIZERS PRODUCED BY MIXING OR CHAMICAL TREATMENT OF ANIMAL OR VEGETABLE PRODUCTS"
2722,SODIUM NITRATE
2723,NATURAL CALCIUM PHOSPHATES; NATURAL ALUMINIUM CALCIUM PHOSPHATES AND PHOSPHATIC CHALK
2731,"BUILDING OR MONUMENTAL (DIMENTION) STONE, NOT FURTHER WORK THAN ROUGHLY TRIMMED OR MERELY CUT, BY SAVING OR OTHERWISE, INTO BLOCKS OR SLABS OF A SQUARE OR RECTANGULAR SHAPE"
2732,"GYPSUM, PLASTERS, LIMESTONE FLUX AND CALCAROUS STONE COMMONLY USED FOR THE MANUFACTURE OF LINE OR CEMENT"
2733,"SANDS, NATURAL, OF ALL KINDS, WHETHER OR NOT COLOURED (OTHER THAN METAL BEARING SANDS OF DIVISION 28)"
2734,"PEBBLES, GRAVEL, BROKEN OR CRUSHED, USED FOR CONCRETE AGGREGATES"
2741,SULPHUR OF ALL KINDS
2742,IRON PYRITES; UNROASTED
2771,"NATURAL ABRASIVES; INDUSTRIAL DIAMONDS, SORTED, WHETHER OR NOT WORKED"
2772,"NATURAL ABRASIVES; OTHER THAN INDUSTRIAL DIAMONDS, SORTED, WHETHER OR NOT WORKED"
2782,"CRUDE MINERALS; CLAYS AND OTHER REFRACTORY MINERAL, N.E.S."
2783,"CRUDE MINERALS; SODIUM CHLORIDE, PURE AND COMMON SALT (INCLUDING TABLE SALT AND DENATURED SALT), WHETHER OR NOT IN AQUEOUS SOLUTION; SEA WATER"
2784,CRUDE MINERALS; ASBESTOS
2785,"CRUDE MINERALS; QUARTZ, MICA, FELSPAR, FLUORSPAR, CRYOLITE AND CHIOLITE"
2786,"CRUDE MINERALS; SLAG, DROSS, SCALINGS AND SIMILAR WASTE, N.E.S"
2789,"MINERALS, CRUDE, NOT ELSEWHERE SPECIFIED"
2814,ROASTED IRON PYRITES (PYRITES CINDERS); WHETHER OR NOT AGGLOMERATED
2815,"IRON ORE AND CONCENTRATES, NOT AGGLOMERATED"
2816,"IRON ORE AGGLOMERATES (SINTERS, PELLETS, BRIQUETTES, ETC.)"
2821,WASTE AND SCRAP OF CAST IRON
2822,"STEEL; OF ALLOY STEEL, WASTE AND SCRAP"
2823,OTHER FERROUS WASTE AND SCRAP
2831,COPPER ORES AND CONCENTRATES
2832,COPPER MATTES; CEMENT COPPER
2841,NICKEL ORES AND CONCENTRATES
2842,NICKEL MATTES; NICKEL OXIDES SINTERS AND OTHER INTERMEDIATE PRODUCTS OF NICKEL METALLURGY
2851,ALUMINIUM ORES AND CONCENTRATES
2852,ALUMINA (ALUMINIUM OXIDE)
2861,URANIUM ORES AND CONCENTRATES
2862,THORIUM ORES AND CONCENTRATES
2874,LEAD ORES AND CONCENTRATES
2875,ZINC ORES AND CONCENTRATES
2876,TIN ORES AND CONCENTRATES
2877,MANGANESE ORES AND CONCENTRATES (INCLUDING MANGANIFEROUS IRON ORES AND CONSOTRATES WITH A MANGANESE CONTENT OF 20% OR MORE CALCULATED ON THE DRY WEIGHT)
2878,"ORES AND CONCENTRATES OF MOLYBDENUM, NIOBIUM, TANTALUM, TITANIUM, VANADIUM AND ZIRCONIUM"
2879,"ORES AND CONCENTRATES OF OTHER NON-FERROUS BASE METALS, N.E.S IN DIVISION 28"
2881,"ASH AND RESIDUES CONTAINING METALS OR METALLIC COMPOUNDS, NOT ELSEWHERE SPECIFIED"
2882,"OTHER NON-FERROUS BASE METAL WASTE AND SCRAP, NOT ELSEWHERE SPECIFIED"
2891,ORES AND CONCENTRATES OF PRECIOUS MATALS
2892,"METALS; WASTE AND SCRAP, OF PRECIOUS METALS (OTHER THAN GOLD) OR OF METALS CLAD WITHPRECIOUS METALS (OTHER THAN GOLD)"
2911,"BONES, HORNS, IVORY, HOOVES, CLAWS, CORAL, SHELLS AND SIMILAR PRODUCTS"
2919,"ANIMAL MATERIALS; CRUDE, OF ANIMAL ORIGIN, N.E.S IN SUBGROUP 2911"
2922,"LAC; NATURAL GUMS, RESINS, GUM-RESINS AND BALSAMS"
2923,"VEGETABLE MATERIALS OF A KIND USED PRIMARILY FOR PLAITING (E.G., BAMBOOS, RATTANS, REEDS, RUSHES, OSTER, RAFFIA, CLEANED, BLEACHED OR DYED CEREAL STRAW AND LINE BARK )"
2924,"PLANTS AND PARTS OF PLANTS, FRESH OR DRIED, CRUSHED OR POWDERED"
2925,"VEGETABLE MATERIALS; SEEDS, FRUIT AND SPORES, NOT ELSEWHERE SPECIFIED, OF A KIND USED FOR SOWING"
2926,"BULBS, TUBERS AND RHIZOMES OF FLOWERING OR OF FOLIAGE PLANTS; CUTTINGS, SLIPS, LIVE TREE AND OTHER PLANTS"
2927,VEGETABLE MATERIALS; CUT FLOWERS AND FOLIAGE
2929,"MATERIALS OF VEGETABLE ORIGIN, NOT ELSEWHERE SPECIFIED"
3211,"ANTHRACITE, WHETHER OR NOT PULVERIZED, BUT NOT AGGLOMERATED"
3212,"OTHER COAL, WHETHER OR NOT PULVERIZED"
3221,"BRIQUETTES, OVOIDS AND SIMILAR SOLID FUELS MANUFACTURED FROM COAL"
3222,LIGNITE; WHETHER OR NOT PULVERIZED (EXCLUDING JET)
3223,"PEAT (INCLUDING PEAT LITTER), WHETHER OR NOT AGGLOMERATED"
3250,COKE AND SEMI-COKE OF COAL (INCLUDING CHAR) OF COAL OR LIGNITE OR OF PEAT WHETHER OR NOT AGGLOMERATED; RETORT CARBON
3330,"PETROLEUM; OILS AND OILS OBTAINED FROM BITUMINOUS MINERALS, CRUDE"
3346,"PETROLEUM OILS & OILS OBTAINED FROM BITUMINOUS MINERALS (OTHER THAN CRUDE) AND PREPARATIONS N.E.S., CONTAINING BY WEIGHT 70% OR MORE OF PETROLEUM OILS OR OF OILS OBTAINED FROM BITUMINOUS MINERALS, THESE OILS BEING THE BASIC CONSTITUENTS OF THE PREPARATION"
3347,WASTE OILS
3351,"RESIDUAL; PETROLEUM JELLY; PARAFFIN WAX, MICRO-CRYSTALINE PETROLEUM WAX, SLACK WAX, OZOKERITE, LIGNITE WAX, PEAT WAX, OTHER MINERAL WAXES AND SIMILAR PRODUCTS OBTAINED BY SYNTHESIS OR BY OTHER PROCESSES, WHETHER OR NOT COLOURED"
3352,MINERAL TARS AND PRODUCTS OF THEIR DISTLLATION
3353,"RESIDUAL; PETROLEUM PRODUCTS, PITCH AND PITCH COKE OBTAINED FROM COAL TAR OR OTHER MINERAL TARS"
3354,"PETROLEUM BITUMEN, PETROLEUM COKE; BITUMINOUS MIXTURES, NOT ELSEWHERE SPECIFIED"
3421,"PROPANE, LIQUEFIED"
3425,BUTANES; LIQUEFIED
3431,NATURAL GAS; LIQUEFIED
3432,"NATURAL GAS, IN THE GASEOUS STATEATE"
3441,"GAS; ETHYLENE, PROPYLENE, BUTYLENE AND BUTADIENE, LIQUEFIED"
3442,"GASEOUS HYDROCARBONS, LIQUEFIED, NOT ELSEWHERE SPECIFIED"
3449,GASEOUS HYDROCARBONS; IN THE GASEOUS STATE
3450,"GAS; COAL, WATER, PRODUCER AND SIMILAR GASES, OTHER THAN PETROLEUM GASES AND OTHER GASEOUS HYDROCARBONS"
3510,ELECTRIC ENERGY
4111,"FATS AND OILS AND THEIR FRACTIONS, OF FISH OR MARINE MAMMALS, WHETHER OR NOT REFINED, BUT NOT CHEMICALLY MODIFIED"
4112,"LARD; OTHER PIG FAT AND POULTRY FAT, RENDERED"
4113,"ANIMALS OILS, FATS AND GREASES, NOT ELSEWHERE SPECIFIED"
4211,VEGETABLES OILS; SOYA BEAN AND ITS FRACTIONS
4212,COTTON SEED OIL AND ITS FRACTIONS
4213,GROUNDNUT (PEANUT) OIL AND ITS FRACTIONS
4214,OLIVE OIL AND OTHER OIL OBTAINED FROM OLIVES
4215,VEGETABLES OILS; SUNFLOWER SEED OR SAFFLOWER OIL AND THEIR FRACTIONS
4216,MAIZE (CORN) OIL AND ITS FRACTIONS
4217,"RAPE, COLZA OR MUSTARD OIL AND THEIR FRACTIONS"
4218,SESAME (SESAMUN) OIL AND ITS FRACTIONS
4221,VEGETABLES OILS; LINSEED OIL AND ITS FRACTIONS
4222,PALM OIL AND ITS FRACTIONS
4223,VEGETABLES OILS; COCONUT (COPRA) OIL AND ITS FRACTIONS
4224,VEGETABLES OILS; PALM KERNEL OR BABASSU OIL AND THEIR FRACTIONS
4225,CASTOR OIL AND ITS FRACTIONS
4229,"OTHER FIXED VEGETABLE FATS, CRUDE, REFINED OR FRACTIONATED, OTHER THAN 'SOFT'"
4311,"FATS AND OILS AND THEIR FRACTIONS, ANIMALS OR VEGETABLE, BOILED, OXIDIZED, DEHYDRATED, SULPHURIZED, BLOWN, POLYMERIZED BY HEAT IN VACUUM OR IN INERT GAS OR OTHERWISE CHEMICALLY MODIFIED (EXCLUDING THOSE OF HEADING 4312); INEDIBLE MIXTURE OR PREPARATIONS O"
4312,"ANIMAL AND VEGETABLE FATS AND OILS AND THEIR FRACTIONS, WHOLLY OR PARTLY HYDROGENATED, INTER-ESTERIFIED, RE-ESTERIFIED OR ELAIDINIZED, WHETHER OR NOT REFINED, BUT NOT FURTHER PREPARED"
4313,"FATTY ACIDS, ACID OILS AND RESIDUES FROM FATTY SUBSTITUTES OR ANIMAL OR VEGETABLE WAXES; DEGRAS"
4314,"VEGETABLE WAXES; OTHER THAN TRIGLYCERIDES, BEESWAX, OTHER INSECT WAXES AND SPERMACETI, WHETHER OR NOT REFINED OR COLOURED"
5111,ACRYLIC HYDROCARBONS
5112,HYDROCARBONS; CYCLIC
5113,HYDROCARBONS; HALOGENATED DERIVATIVES
5114,"HYDROCARBONS; SULPHONATED, NITRATED, OR NITROSATED DERIVATIVES, WHETHER OR NOT HALOGENATED"
5121,ACYCLIC MONOHYDRIC ALCOHOLS
5122,"ALCOHOLS; ACYCLIC (OTHER THAN MONOHYDRIC), AND HALOGENATED, SULPHONATED, NITRATED OR NITROSATED DEVIRATIVES OF ACYCLIC ALCOHOLS"
5123,CYCLIC ALCOHOLS AND THEIR HALOGENATED AND OTHER DERIVATIVES
5124,"PHENOLS AND PHENOL-ALCOHOLS AND THEIR HALOGENATED, SULPHONATED, NITRATED OR NITROSATED DERIVATIVES"
5137,"MONOCARBOXYLIC ACIDS AND THEIR ANHYDRIDES, HALIDES, PEROXIDES AND PEROXYACIDS; THEIR HALOGENATED, SULPHONATED, MITRATED OR NITROSATED DERIVATIVES"
5138,"POLYCARBOXYLIC ACIDS AND THEIR ANHYDRIDES, HALIDES, PEROXIDES AND PEROXYACIDS; AND THEIR DERIVATIVES"
5139,"CARBOXYLIC ACIDS WITH ADDOXYGEN FUNCTION AND THEIR ANHYDRIDES, ETC; AND THEIR DERIVATIVES"
5145,AMINE-FUNCTION COMPOUNDS
5146,OXYGEN-FUNCTION AMINO-COMPOUNDS
5147,CARBOXYAMIDE-FUNCTION COMPOUNDS; AMIDE-FUNCTION COMPOUNDS OF CARBONIC ACID (EXCLUDING UREA)
5148,OTHER NITROGEN-FUNCTION COMPOUNDS
5154,ORGANO-SULPHUR COMPOUNDS
5155,ORGANO-INORGANIC COMPOUNDS; N.E.S IN GROUP 515
5156,LACTAMS; HETEROCYCLIC COMPOUNDS WITH OXYGEN HETERO-ATOM(S) ONLY
5157,HETEROCYCLIC COMPOUNDS N.E.S. IM GROUP 515; NUCLEIC ACIDS
5158,SULPHONAMIDES
5161,"ETHERS, ALCOHOL PEROXIDES, ETHER PEROXIDES, EPOXIDES, ACETALS AND HEMIACETALS AND THEIR HALOGENATED, SULPHONATED, NITRATED OR NITROSATED DEVIRATIVES"
5162,"ORGANIC CHEMICALS; ALDEHYDE, KETONE AND QUINONE-FUNCTION COMPOUNDS"
5163,"ESTERS OF INORGANIC ACIDS AND THEIR SALTS AND THEIR HALOGENATED, SIPHONATED, NITRATED OR NITROSATED DERIVATIVES"
5169,ORGANIC CHEMICALS; N.E.S IN GROUP 516
5221,CARBON (INCLUDING CARBON BLACK) NOT ELSEWHERE SPECIFIED
5222,INORGANIC CHEMICALS; OTHER CHEMICAL ELEMENTS
5223,INORGANIC CHEMICALS; INORGANIC ACIDS AND INORGANIC OXYGEN COMPOUNDS OF NON-METALS
5224,HALOGEN OR SULPHUR COMPOUNDS OF NON-METALS
5225,"OXIDES OF ZINC, CHROMIUM, MANGANESE, IRON, COBALT, LEAD AND TITANIUM"
5226,"INORGANIC CHEMICALS; OTHER INORGANIC BASES AND METALLIC OXIDES, HYDROXIDES AND PEROXIDES"
5231,"FLUORIDES; FLUOROSILICATES, FLUOROALUMINATES AND OTHER COMPLEX FLOURINE SALTS"
5232,"CHLORIDES, CHLORIDE OXIDES AND CHLORIDE HYDROXIDES; BROMIDE AND BROMIDE OXIDES; IODIDES AND IODIDE OXIDES"
5233,HYPOCHLORITES; COMMERCIAL CALCIUM HYPOCHLORITES; CHLORIDES; HYPOBROMITES; CHLORATES; BROMATES
5234,"SULPHIDES, POLYSULPHIDES, DITHIONITES, SULPHOXYLATES, SULPHITES AND THIOSULPHATE SULPHATES"
5235,SALTS; NITRITES; NITRATES
5236,"SALTS; PHOSPHINATES (HYPOPHOSPHITES), PHOSPHONATES (PHOSPHITES), PHOSPHATES AND POLYPHOSPHATES"
5237,CARBONATES; PEROXOCARBONATES (PERCARBONATES); COMMERCIAL AMMONIUM CARBONATE CONTAINING AMMONIUM CARBAMATE
5238,OTHER METAL SALTS AND PEROXYSALTS OF INORGANIC ACIDS
5243,"SALTS; OF METALLIC ACIDS, ORGANIC AND INORGANIC COMPOUNDS OF PRECIOUS METALS"
5249,"INORGANIC CHEMICAL PRODUCTS, NOT ELSEWHERE SPECIFIED"
5251,RADIO-ACTIVE CHEMICAL ELEMENTS AND RADIOACTIVE ISOTOPES (INCLUDING THE FISSILE OR FERTILE CHEMICAL ELEMENTS AND ISOTOPES) AND THEIR COMPOUNDS; MIXTURES AND RESIDUES CONTAINING THESE PRODUCTS
5259,"STABLE ISOTOPES AND THEIR COMPOUNDS; COMPOUNDS, INORGANIC OR ORGANIC, OF RARE-EARTH METALS"
5311,SYNTHETIC ORGANIC COLOURING MATTER AND PREPARATION BASED THEREON
5312,SYNTHETIC ORGANIC PRODUCTS OF A KIND USED AS FLOURESCENT BRIGHTENING AGENTS OR LUMINOPHORES; WHETHER OR NOT CHEMICALLY DEFINED; COLOUR LAKES AND PREPARATIONS BASED THEREON
5322,TANNING EXTRACTS OF VEGETABLE ORIGIN; TANNINS AND THEIR DERIVATIVE; COLOURING MATTER OF VEG/ANIMAL ORIGIN & PREPN
5323,"SYNTHETIC ORGANIC TANNING SUBSTANCES AND INORGANIC TANNING SUBSTANCES; TANNING PREPARATIONS, WHETHER OR NOT CONTAINING NATURAL TANNING SUBSTANCES; ENZYMATIC PREPARATION FOR PRE-TANNING"
5331,"COLOURING MATTER; PREPARATIONS BASED ON COLOURING MATTER, N.E.S. IN GROUP 531; INORGANIC PRODUCTS OF A KIND USED AS LUMINOPHORES, WHETHER OR NOT CHEMICALLY DEFINED"
5332,PRINTING INK
5334,PAINTS AND VARNISHES; PLASTICS IN SOLUTION; PREPARED WATER PIGMENTS USED FOR FINISH LEATHER; PIGMENTS
5335,"COLOURING PREPARATIONS OF A KIND USED IN THE CERAMIC, ENAMELLING AND GLASS INDUSTRIES; ARTISTS' COLOURS , PAINT DRIERS AND MASTICS"
5411,"PROVITAMINS AND VITAMINS, NATURAL OR REPRODUCED BY SYNTHESIS (INCLUDING NATURAL CONCENTRATES), DERIVATIVES THEREOF USED PRIMARILY AS VITAMINS AND INTERMIXTURES OF THE FOREGOING, WHETHER OR NOT IN ANY SOLVENT, NOT PUT UP AS MEDICANNENTS OF GROUP 542"
5413,"ANTIBIOTICS, NOT PUT UP AS MEDICAMENTS OF GROUP 542"
5414,"MEDICINAL AND PHARMACEUTICAL PRODUCTS; VEGETABLE ALKALOIDS, NATURAL OR REPRODUCED BY SYNTHESIS AND THEIR SALTS, OTHERS, ESTERS AND OTHER DEVIRATIVES NOT PUT UP AS MEDICANNENTS OF HEADING 542"
5415,"HORMONES, NATURAL OR REPRODUCED BY SYNTHESIS; DERIVATIVES THEREOF USED PRIMARILY AS HORMONES, NOT PUT UP AS MEDICAMENTS OF GROUP 542"
5416,GLYCOSIDES; GLANDS OR OTHER ORGANS AND THEIR EXTRACTS; ANTISERA VACCINES AND SIMILAR PRODUCTS
5419,"PHARMACEUTICAL GOODS, OTHER THAN MEDICAMENTS"
5421,MEDICAMENTS; CONTAINING ANTIBIOTICS OR DERIVATIVES THEREOF
5422,"MEDICAMENTS CONTAINING HORMONES OR OTHER PRODUCTS OF SUBGROUP 541.5, BUT NOT CONTAINING ANTIBIOTICS"
5423,"MEDICAMENTS CONTAINING ALKALOIDS OR DERIVATIVES THEREOF, BUT NOT CONTAINING HORMONES, OTHER PRODUCTS OF SUBGROUP 541.5, OR ANTIBIOTICS"
5429,MEDICAMENTS; N.E.S IN GROUP 542
5513,"ESSENTIAL OILS, INCL CONCRETES AND ABSOLUTES; RESINOIDS; CONCENTRATES OF ESSENTIAL OILS IN FATS, FIXED OILS"
5514,"MIXTURES OF ODORIFEROUS SUBTANCES & MIXTURES (INCLUDING ALCOHOLIC SOLUTIONS) WITH A BASIS OF ONE OR MORE OF THESE SUBSTANCES, OF A KIND USED AS RAW MATERIALS IN INDUSTRIES"
5531,PERFUMES AND TOILET WATERS
5532,"BEAUTY OR MAKE-UP PREPARATIONS FOR THE CARE OF THE SKIN (OTHER THAN MEDICAMENTS), INCLUDING SUNSCREEN OR SUNTAN PREPARATIONS; MANICURE OR PEDICURE PREPARATIONS"
5533,PREPARATIONS FOR USE ON THE HAIR
5534,"PREPARATIONS FOR ORAL AND DENTAL HYGIENE, INCLUDING DENTURE FIXATIVE PASTES AND POWDERS"
5535,"PRE-SHAVE, SHAVING OR AFTER-SHAVE PREPARATIONS, PERSONAL DEODORANTS, BATH PREPARATIONS, DEPILATORIES AND OTHER PERFUMERY, COSMETIC OR TOILET PREPARATION, N.E.S.; PREPARED ROOM DEODERIZERS, WHETHER OR NOT PERFUME OR HAVING DISINFECTANT PROPERTIES"
5541,"SOAP; ORGANIC SURFACE ACTIVE PRODUCTS AND PREPARATION FOR USE AS SOAP, IN THE FORM OF BARS, CAKES OR MOULDED PIECE OR SHAPES, WHETHER OR NOT CONTAINING SOAP; PAPER, WEDDING, FELT AND NONVOVENS, IMPREGNATED, COATED OR COVERED WITH SOAP OR DETERGENT"
5542,"ORGANIC SURFACE-ACTIVE AGENTS (OTHER THAN SOAP); SURFACE-ACTIVE PREPARSTIONS, WASHING PREPARATION (INCLUDING AUXILARY WASHING PREPARATIONS) & CLEANING PREPARATIONS, WHETHER OR NOT CONTAINING SOAP, N.E.S."
5543,"POLISHES AND CREAMS, FOR FOOTWEAR, FURNITURE, FLOORS, COACHWORK, GLASS OR METALS, SCORING PASTE AND POWDERS AND SIMILAR PREPARATIONS (WHETHER OR NOT IN THE FORM OF PAPER, WEDDING, FELT, NONMOVEMENT, CELLULAR PLASTIC MATERIALS OR CELLULAR RUBBER, IMPREGNA"
5621,"MINERAL OR CHEMICAL FERTILIZERS, NITROGENOUS"
5622,"MINERAL OR CHEMICAL FERTILIZERS, PHOSPHATIC"
5623,"MINERAL OR CHEMICAL FERTILIZERS, POTASSIC (OTHER THAN CRUDE NATURAL POTASSIUM SALTS)"
5629,"FERTILIZERS; OTHER THAN GROUP 272, MINERAL OR CHEMICAL, N.E.S IN GROUP 562"
5711,"PLASTICS; POLYETHYLENE, IN PRIMARY FORMS"
5712,"PLASTICS; ETHYLENE-VINYL ACETATE COPOLYMERS, IN PRIMARY FORMS"
5719,"OTHER POLYMERS OF ETHYLENE, IN PRIMARY FORMS"
5721,"PLASTICS; POLYSTYRENE, IN PRIMARY FORMS"
5729,OTHER STYRENE POLYMERS
5731,"PLASTICS; POLYVINYL CHLORIDE, IN PRIMARY FORMS"
5739,OTHER VINYL CHLORIDE COPOLYMERS AND POLYMERS OF OTHER HALOGENATED OLEFINS
5741,"PLASTICS; POLYACETALS AND OTHER POLYETHERS, IN PRIMARY FORMS"
5742,EPOXIDE RESINS
5743,"POLYCARBONATES, ALKYD RESINS AND OTHER POLYESTERS"
5751,"PLASTICS; POLYMERS OF PROPYLENE OR OF OTHER OLEFINS, IN PRIMARY FORMS"
5752,"PLASTICS; ACRYLIC POLYMERS, IN PRIMARY FORMS"
5753,"PLASTICS; POLYAMIDES, IN PRIMARY FORMS"
5754,"PLASTICS; AMINO-RESINS, PHENOLIC RESINS AND POLYURETHANES, IN PRIMARY FORMS"
5755,"CELLULOSE AND ITS CHEMICAL DERIVATIVES, NOT ELSEWHERE SPECIFIED"
5759,"PLASTICS; N.E.S. IN DIVISION 57, IN PRIMARY FORMS"
5791,"PLASTICS; WASTE, PARINGS AND SCRAP, OF POLYMERS OF ETHYLENE"
5792,"WASTE, PARINGS AND SCRAP, OF POLYMERS OF STYRENE"
5793,"WASTE, PARINGS AND SCRAP, OF POLYMERS OF VINYL CHLORIDE"
5799,"PLASTICS; WASTE, PARINGS AND SCRAP, N.E.S IN GROUP 579"
5811,"PLASTICS; ARTIFICIAL GUTS (SOUSAGE CASINGS) OF HARDENED PROTEIN OR OF CELLULOSIC MATERIAL, IN NON-PRIMARY FORM"
5812,"TUBES, PEPES AND HOSES, RIGID"
5813,"FLEXIBLE TUBES, PIPES AND HOSES, HAVING A MINIMUM BURST PRESSURE OF 27.6 MPA"
5814,"OTHER TUBES, PIPES AND HOSES NOT REINFORCED OR COMBINED WITH OTHER MATERIALS, WITHOUT FITTING"
5815,"TUBES, PIPES AND HOSES, NOT REINFORCED OR OTHERWISE COMBINED WITH OTHER MATERIALS, WITH FITTINGS"
5816,"PLASTICS; OTHER TUBES, PIPES AND HOSES, IN NON-PRIMARY FORM"
5817,"FITTINGS FOR TUBES, PIPES AND HOSES, (E.G., JOINTS, ELBOWS FLANGES), OF PLASTICS"
5821,"PLATES, SHEETS, FILM, FOIL, TAPE, STRIP AND OTHER FLAT SHAPES, SELF-ADHESIVE OF PLASTICS, WHETHER OR NOT IN ROLLS, OTHER THAN FLOOR, WALL AND CEILING COVERINGS OF HEADING 893.31"
5822,"PLASTICS; OTHER PLATES, SHEETS, FILM, FOIL AND STRIP, OF PLASTICS, NON-CELLULAR AND NOT REINFORCED, LAMINATED, SUPPORTED OR SIMILARLY COMBINED WITH OTHER MATERIALS"
5829,"PLASTICS; OTHER PLATES, SHEETS, FILM, FOIL AND STRIP"
5831,"MONOFILAMENT OF WHICH ANY CROSS- SECTIONAL DIMENSION EXCEEDS 1 MM, RODS, STICKS AND PROFILE SHAPES, WHETHER OR NOT SURFACE-WORKED BUT NOT OTHERWISE WORKED OF PLASTICS OF POLIMERS OF ETHYLENE"
5832,"MONOFILAMENT OF ANY CROSS- SECTIONAL DIMENSION EXCEEDS 1 MM, RODS, STICKS AND PROFILE SHAPES, WHETHER OR NOT SURFACE-WORKED BUT NOT OTHERWISE WORKED OF PLASTICS OF POLYMERS OF VINYL CHLORIDE"
5839,"MONOFILAMENT OF CROSS- SECTIONAL DIMENSION > 1 MM, RODS, STICKS AND PROFILE SHAPES, OF OTHER POLYMERS"
5911,"CHEMICAL MATERIALS AND PRODUCTS; INSECTICIDES, PUT UP IN FORM OR PACKINGS FOR RETAIL SALE OR AS PREPARATIONS OR ARTICLES"
5912,FUNGICIDES PUT UP IN FORM OR PACKINGS FOR RETAIL SALE OR AS PREPARATIONS OR ARTICLES
5913,"WEED KILLERS, ANTI-SPROUTING PRODUCTS AND PLANT GROWTH REGULATORS, IN PACK FOR RETAIL SALE AS PREPARATION/ARTICLES"
5914,"DISINFECTANTS, RODENTICIDES AND SIMILAR PRODUCTS IN PACKING OR RETAIL SALE OR PREPARATION OR ARTICLES"
5919,"CHEMICAL MATERIALS AND PRODUCTS; N.E.S IN GROUP 591, PUT UP IN FORMS OR PACKINGS FOR RETAIL SALE OR AS PREPARATIONS OR ARTICLES"
5921,"STARCHES, INULIN AND WHEAT GLUTEN"
5922,ALBUMINOIDAL SUBSTANCES; MODIFIED STARCHES AND GLUES
5931,EXPLOSIVES AND PYROTEHNIC PRODUCTS; PROPELLENT POWDERS AND OTHER PREPARED EXPLOSIVES
5932,EXPLOSIVES AND PYROTEHNIC PRODUCTS; SAFETY FUSES; DETONATING FUSES; PERCUSSION OR DETONATING CAPS; IGNITERS; ELECTRIC DETONATORS
5933,"FIREWORKS, SIGNALLING FLARES, RAIN ROCKETS, FOG SIGNALS AND OTHER PYROTECHNIC ARTICLES"
5972,"ANTI-KNOCK PREPARATION, OXIDATION INHIBITORS, GUM INHIBITORS, VISCOSITY IMPROVERS, ANTI-CORROSIVE PREPARATIONS AND OTHER PREPARED ADDITIVES, FOR MINERALS OILS (INCLUDING GASOLENE) OR FOR OTHER LIQUIDS USED FOR THE SAME PURPOSES AS MINERALS OILS"
5973,PREPARED LIQUIDS FOR HYDRAULIC TRANSMISSION; ANTI-FREEZING PREPARATIONS
5977,"LUBRICATING PREPARATIONS AND PREPARATION OIL OR GREASE TREATMENT OF TEXTILE MATERIAL, LEATHER,ETC"
5981,WOOD AND RESINS-BASED CHEMICAL PRODUCTS
5983,CHEMICAL PRODUCTS; ARTIFICIAL WAXES AND PREPARED WAXES
5984,"CHEMICAL PRODUCTS; MIXED ALKYLBENZENES AND MIXED ALKYLNAPHTHALENES, OTHER THAN SUBGROUP 335.2 AND 511.2"
5985,"CHEMICAL PRODUCTS; CHEMICAL ELEMENTS DOPED FOR USE IN ELECTRONICS, IN THE FORM OF DISCS, WAFERS OR SIMILAR FORMS; CHEMICAL COMPOUNDS DOPED FOR USE IN ELECTRONICS"
5986,"CHEMICAL PRODUCTS; ORGANIC, N.E.S. IN GROUP 598"
5988,"CHEMICAL PRODUCTS; CATALYSTS AND CATALYTIC PREPARATIONS, N.E.S"
5989,"CHEMICAL PRODUCTS AND PREPARATIONS, NOT ELSEWHERE SPECIFIED"
5991,MUNICIPAL WASTE; SEWAGE SLUDGE
5992,CLINICAL WASTE
5993,WASTE ORGANIC SOLVENTS
5994,"WASTES OF METAL PICKLING LIQUORS, HYDRAULIC FLUIDS, BRAKE FLUIDS AND ANTI-FREEZE FLUIDS"
5999,OTHER WASTES FROM CHEMICAL OR ALLIED INDUSTRIES
6112,"COMPOSITION LEATHER WITH A BASIS OF LEATHER OR LEATHER FIBRE IN SLABS, SHEETS OR STRIP, WHETHER OR NOT IN ROLLS"
6114,"TANNED OR CRUST HIDES AND SKINS OF BOVINE (INCLUDING BUFFALO) OR EQUINE ANIMALS WHETHER OR NOT FURTHER PREPARED AFTER TANNING OR CRUSTING, WITHOUT HAIR ON, WHETHER OR NOT SPLIT"
6115,"SHEEP OR LAMB SKIN LEATHER, WITHOUT WOOL ON, WHETHER OR NOT SPLIT (OTHER THAN LEATHER OF SUBGROUP 611.8)"
6116,"LETAHER; GOAT OR KID SKIN, WITHOUT HAIR ON,WHETHER OR NOT SPLIT (OTHER THAN LEATHER OF SUBGROUP 611.8)"
6117,"LEATHER OF OTHER ANIMALS, WITHOUT HAIR ON, OTHER THAN LEATHER OF SUBGROUP 611.8"
6118,"LEATHER, SPECIALLY DRESSED OR FINISHED, NOT ELSEWHERE SPECIFIED"
6122,"SADDLERY AND HARNESS FOR ANY ANIMAL, OF ANY MATERIAL"
6129,OTHER ARTICLES OF LEATHER OR OF COMPOSITION LEATHER
6131,"WHOLE FURSKINS, WITH OR WITHOUT HEAD, TAIL OR PAWS, NOT ASSEMBLED"
6132,"LEATHER; HEADS, TAILS, PAWS AND OTHER PIECES OR CUTTINGS, NOT ASSEMBLED"
6133,"WHOLE FURSKINS AND PIECES OR CUTTINGS THEREOF, ASSEMBLED"
6211,"COMPOUNDED RUBBER, UNVULCANIZED, IN PRIMARY FORMS OR PLATES, SHEETS OR STRIPS"
6212,"RUBBER; OTHER FORMS (E.G., RODS, TUBES AND PROFILE SHAPES) AND ARTICLES (E.G., DISCS AND RINGS) OF UNVULCANIZED RUBBER"
6213,"RUBBER; VULCANIZED RUBBER THREAD AND CORD; PLATES, SHEETS, STRIP, RODS AND PROFILE SHAPES OF UNHARDENED VULCANISED RUBBER"
6214,"TUBES, PIPES AND HOSES, OF UNHARDENED VULCANISED RUBBER WITH OR WITHOUT THEIR FITTINGS"
6251,"TYRES, PNEUMATIC, NEW, OF A KIND USED ON MOTOR CARS"
6252,"RUBBER; TYRES, PNEUMATIC, NEW, OF A KIND USED ON BUSES AND LORRIES"
6253,"TYRES, PNEUMATIC, NEW, OF A KIND USED ON AIRCRAFT"
6254,"RUBBER; TYRES, PNEUMATIC, NEW, OF A KIND USED ON MOTORCYCLE AND BICYCLES"
6255,"RUBBER; PNEUMATIC TYRES, N.E.S IN GROUP 625"
6259,"OTHER TYRES (INCLUDING RETREADED TYRES), INTERCHANGEABLE TYRE THREADS, TYRE FLAPS AND INNER TUBES"
6291,"RUBBER; ARTICLES, HYGIENIC OR PHARMACEUTICAL ARTICLES (INCLUDUING TEATS), OF UNHARDENED VULCANIZED RUBBER, WITH OR WITHOUT FITTINGS OF HARD RUBBER"
6292,"CONVEYER OR TRANSMISSION BELTS OR BELTING, OF VULCANIZED RUBBER"
6299,"HARD RUBBER; ARTICLES OF HARDENED RUBBER OR OF UNHARDENED VULCANIZED RUBBER, NOT ELSEWHERE SPECIFIED"
6331,ARTICLES OF NATURAL CORK
6332,AGGLOMERATED CORK AND ARTS OF AGGLOMERATED CORK
6341,"VENEER SHEETS OR SHEETS FOR PLYWOOD AND OTHER WOOD, SAWN LENGTHWISE, SLICED/PEELED, OF A THICKNES S < 6 MM"
6342,"DENSIFIED WOOD AND PARTICLE BOARD, ORIENTED STRAND BOARD (OSB) AND SIMILAR BOARD OF WOOD OR OTHER LIGNEOUS MATERIALS"
6343,"WOOD; PLYWOOD, VENEERED PANELS AND SIMILAR LAMINATED WOOD"
6345,"FIBREBOARD OF WOOD OR OTHER LIGNEOUS MATERIALS, BONDED OR NOT WITH RESINS OR OTHER ORGANIC SUBSTANCES"
6349,"WOOD; SIMPLY SHAPED, N.E.S IN GROUP 634"
6351,"WOOD; MANUFACTURES, PACKINGS AND CABLE DRUMS OF WOOD; WOODEN BOX PALLETS AND THE LIKE"
6352,"CASKS, BARRELS, VATS,TUBS AND OTHER COOPERS' PRODUCTS AND PARTS THEREOF, OF WOOD (INCL STAVES)"
6353,"WOOD; MANUFACTURES, BUILDERS' JOINERY AND CARPENTARY OF WOOD (INCLUDING CELLULAR WOOD PANELS AND ASSEMBLED PARQUET PANELS)"
6354,"WOOD; MANUFACTURES, MANUFACTURES OF WOOD FOR DOMESTIC OR DECORATIVE USE (EXCLUDING FURNITURE)"
6359,"WOOD; MANUFACTURES, ARTICLES, N.E.S IN GROUP 635"
6411,"NEWSPRINT, IN ROLLS OR SHEETS"
6412,"PAPER AND PAPERBOARD; UNCOATED,OF A KIND USED FOR WRITING, PRINTING OR OTHER GRAPHIC PURPOSES, AND PUNCH CARD STOCK AND PUNCH TAPE PAPER, IN ROLLS OR SHEETS (OTHER THAN PAPER OF HEADING 641.1 OR 641.63); HAND-MADE PAPER AND PAPERBOARD"
6413,"PAPER AND PAPERBOARD; OF A KIND USED FOR WRITING, PRINTING OR OTHER GRAPHIC PURPOSES, COATED, IMPREGNATED, SURFACE-COLOURED, SURFACE-DECORATED OR PRINTED (NOT CONSTITUTING PRINTED MATTER WITHIN GROUP 892), IN ROLLS OR SHEET"
6414,"KRAFT PAPER AND PAPERBOARD, UNCOATED, NOT ELSEWHERE SPECIFIED, IN ROLLS OR SHEETS"
6415,"PAPER AND PAPERBOARD; UNCOATED, IN ROLLS OR SHEETS, NOT ELSEWHERE SPECIFIED"
6416,"PAPER AND PAPERBOARD, CORRUGATED, CREPED, CRINKLED, EMBOSSED OR PERFORATED, IN ROLLS OR SHEETS"
6417,"PAPER, PAPERBOARD, CELLULOSE WADDING AND WEBS OF CELLULOSE FIBRES, COATED, IMPREGNATED, COVERED, SURFACE-COLOURED, SURFACE-DECORATED OR PRINTED, NOT CONSTITUTING PRINTED MATTER WITHIN GROUP 892, IN ROLLS OR SHEETS, N.E.S"
6419,"CONVERTED PAPER AND PAPERBOARD, NOT ELSEWHERE SPECIFIED"
6421,"PAPER AND PAPERBOARD; CARTONS, BOXES, CASES, BAGS AND OTHER PACKING CONTAINERS, OF PAPER, PAPERBOARD, CELLULOSE WADDING OR WEBS OF CELLULOSE FIBRES; BOX FILES, LETTER TRAYS AND SIMILAR ARTICLES, OF PAPER OR PAPERBOARD, OF A KIND USED IN OFFICES, SHOPS OR"
6422,"ENVELOPES, LETTER CARDS, PLAIN POSTCARDS AND CORRESPONDENCE CARDS, OF PAPER, PAPERBOARD; BOXES, POUCHES, WALLETS AND WRITING COMPENDIUMS, OF PAPER OR PAPERBOARD, CONTAINING AN ASSORTMENT OF PAPER STATIONERY"
6423,"REGISTERS, ACCOUNT BOOKS, NOTEBOOKS, RECEIPT BOOKS, LETTER PADS & SIMILAR ARTICLES OF PAPER OR PAPERBOARD"
6424,"PAPER AND PAPERBOARD; CUT TO SIZE OR SHAPE, N.E.S IN DIVISION 64"
6429,"PAPER AND PAPERBOARD; ARTICLES OF PAPER PULP, PAPER, PAPERBOARD OR CELLULOSE WADDING, NOT ELSEWHERE SPECIFIED"
6511,TEXTILE; YARN OF WOOL OR ANIMAL HAIR (EXCLUDING WOOL TOPS)
6512,"COTTON SEWING THREAD, WHETHER OR NOT PUT UP FOR RETAIL SALE"
6513,"TEXTILE; COTTON YARN, OTHER THAN SEWING THREAD"
6514,"TEXTILE; SEWING THREAD OF MAN-MADE FIBRES, WHETHER OR NOT PUT UP FOR RETAIL SALE"
6515,"SYNTHETIC FILAMENT YARN TEXTURED, NOT FOR RETAIL SALE INCLUDING MONOFILAMENT OF < 67 DECITEX"
6516,"OTHER SYNTHETIC FILAMENT YARN (OTHER THAN SEWING THREAD), INCLUDING MONOFILAMENT OF LESS THAN 67 DECITEX"
6517,"ARTIFICIAL AND MAN MADE FILAMENT YARN (OTHER THAN SEWING THREAD); ARTIFITIAL MONOFILAMENT, N.E.S., STRIP AND THE LIKE OF ARTIFICIAL TEXTILE MATERIALS, N.E.S."
6518,"YARN OF STAPLE FIBRES; SYN MONOFILAMENT, N.E.S., STRIP AND THE LIKE OF SYNTHETIC TEXTILE MATERIALS WIDTH < 5 MM"
6519,"YARN OF TEXTILE FIBRES, NOT ELSEWHERE SPECIFIED (INCLUDING PAPER YARN AND YARN, SLIVERS AND ROVINGS OF GLASS FIBRE)"
6521,"FABRICS; COTTON, PILE AND CHENILLE FABRICS, WOVEN"
6522,"FABRICS; COTTON, OTHER THAN GAUSE AND PILE AND CHENILLE FABRICS, WOVEN, UNBLEACHED"
6523,"OTHER WOVEN FABRICS, CONTAINING 85% OR MORE BY WEIGHT OF COTTON, BLEACHED, DYED, PRINTED OR OTHERWISE FINISHED, WEIGHING NOT MORE THAN 200 G/M2"
6524,"OTHER WOVEN FAB, CTG > 85% BY WT OF COTTON, BLEACHED, DYED, PRINTED OR OTHERWISE FINISHED, WT > 200 G/M2"
6525,"FABRICS; COTTON, OTHER WOVEN, CONTAINING LESS THAN 85% BY WEIGHT OF COTTON, MIXED MAINLY OR SOLELY WITH MAN-MADE FIBRES, BLEACHED, DYED, PRINTED OR OTHERWISE FINISHED, WEIGHING NOT MORE THAN 200 G/M2"
6526,"OTH WOVEN COTTON FABRICS, CTG < 85% WT OF COTTON, MIXED WITH MAN-MADE FIBRES, BLEACHED, DYED, WT > 200 G/M2"
6529,"FABRICS; COTTON, N.E.S IN GROUP 652"
6531,"FABRICS, WOVEN, OF SYNTHETIC FILAMENT YARN, OTHER THAN PILE AND CHENILLE FABRICS"
6532,"FABRICS, WOVEN, OF SYNTHETIC STAPLE FIBRES, CONTAINING 85% OR MORE BY WEIGHT OF SUCH FIBRES (OTHER THAN PILE & CHENILLE FABRICS)"
6533,"FABRICS, WOVEN, OF SYNTHETIC STAPLE FIBRES, CONTAINING LESS THAN 85% BY WEIGHT OF SUCH FIBRES, MIXED MAINLY OR SOLELY WITH COTTON (OTHER THAN PILE AND CHENILLE FABRICS)"
6534,"FABS, WOVEN, OF SYN STAPLE FIBRES, CTG <85% BY WT OF SUCH FIBRES MIXED MAINLY OR SOLELY WITH FIBRES O/T COTTON"
6535,"FABRICS; OF ARTIFICIAL FILAMENT YARN, WOVEN, (INCLUDING WOVEN FABRICS OBTAINED FROM MATERIALS HEADING 651.77)"
6536,"FABRICS; OF ARTIFICIAL STAPLE FIBRES (OTHER THAN PILE AND CHENILLE FABRICS), WOVEN, CONTAINING 85% OR MORE BY WEIGHT"
6538,"FABRICS; OF ARTIFICIAL STAPLE FIBRES, WOVEN, CONTAINING LESS THAN 85% BY WEIGHT OF SUCH FIBRES (OTHER THAN PILE AND CHENILLE FABRICS)"
6539,"PILE FABRICS AND CHENILLE, WOVEN, OF MAN-MADE FIBRES"
6541,"FABRICS, WOVEN, OF SILK OR OF SILK WASTE"
6542,"FABRICS; OF WOOL OR OF FINE ANIMAL HAIR (OTHER THAN PILE AND CHENILLE FABRICS), WOVEN, CONTAINING 85% OR MORE BY WEIGHT"
6543,"FABRICS; OF WOOL OR OF FINE ANIMAL HAIR, WOVEN, N.E.S IN GROUP 654"
6544,"FABRICS; OF FLAX, WOVEN"
6545,"FABRICS; OF JUTE OR OF OTHER TEXTILE BAST FIBRES OF GROUP 264, WOVEN"
6546,"FABRICS, WOVEN, OF GLASS FIBRE"
6549,"FABRICS, WOVEN, NOT ELSEWHERE SPECIFIED"
6551,"PILE FABRICS (INCLUDING 'LONG PILE' FABRICS AND TERRY FABRICS), KNITTED OR CROCHETED, WHETHER OR NOT IMPREGNATED, COATED, COVERED OR LAMINATED"
6552,"FABRICS; N.E.S IN SUBGROUP 6551, KNITTED OR CROCHETED, NOT IMPREGNATED COATED, COVERED OR LAMINATED"
6561,"NARROW WOVEN FABRICS; NARROW FABRICS, CONSISTING OF WARP WITHOUT WEFT ASSEMBLED BY MEANS OF AN ADHESIVE"
6562,"FABRICS; LABELS, BADGES & SIMILAR ARTICLES OF TEXTILE MATERIALS, IN THE PIECE, IN STRIPS OR CUT TO SHAPE OR SIZE, NOT EMBROIDERED"
6563,"GIMPED YARN AND STRIP, CHENILLE YARN, LOOP-WALE YARN, BRAIDS IN THE PIECE, TRIMMING, TASSELS, POMPONS, ETC."
6564,"TULLES AND OTHER NET FABRICS (NOT INCLUDING WOVEN, KNITTED OR CROCHETED FABRICS); LACE, IN THE PIECE, IN STRIPS OR IN MOTIFS"
6565,"FABRICS; EMBROIDERY, IN THE PIECE, STRIPS OR IN MOTIFS"
6571,"FABRICS; FELT, WHETHER OR NOT IMPREGNATED, COATED, COVERED OR LAMINATED, NOT ELSEWHERE SPECIFIED"
6572,"NONWOVENS, WHETHER OR NOT IMPREGNATED, COATED, COVERED OR LAMINATED, NOT ELSEWHERE SPECIFIED"
6573,"COATED OR IMPREGNATED TEXTILE FABRICS AND PRODUCTS, NOT ELSEWHERE SPECIFIED"
6574,"QUILTED TEX PDTS IN THE PIECE, COMPOSED OF 1 OR MORE LAYERS TEXTILE MATERIAL ASSEMBLED WITH PADDING BY STITCHING"
6575,"TWINE, CORDAGE, ROPE AND CABLES AND MANUFACTURES THEREOF"
6576,"HAT-SHAPES, HAT-FORMS, HAT-BODIES AND HOODS"
6577,"FABRICS; WADDING, WICKS AND TEXTILE FABRICS AND ARTICLES FOR USE IN MACHINERY OR PLANT"
6578,"RUBBER THREAD & CORD, TEXTILE COVERED; TEXTILE YARN & STRIP AND THE LIKE OF HEADING 651.77 OR 651.88, IMPREGNATED, COATED,COVERED, SHEATHED WITH RUBBER OR PLASTICS"
6579,FABRICS; SPECIAL PRODUCTS OF TEXTILE MATERIALS
6581,"SACKS AND BAGS, OF TEXTILE MATERIALS USED FOR THE PACKING OF GOODS"
6582,"TARPAULINS, SAILS FOR BOATS, SAILBOARDS OR LANDCRAFT, AWNINGS, SUNBLINDS, TENTS AND CAMPING GOODS"
6583,BLANKETS AND TRAVELLING RUGS (OTHER THAN ELECTRICAL)
6584,"BED LINEN, TABLE LINEN, TOILET LINEN AND KITCHEN LINEN"
6585,"CURTAINS AND OTHER FURNISHING ARTICLES, NOT ELSEWHERE SPECIFIED, OF TEXTILE MATERIALS"
6589,"MADE-UP ARTICLES OF TEXTILE MATERIALS, NOT ELSEWHERE SPECIFIED"
6591,LINOLEUM AND SIMILAR FLOOR COVERINGS
6592,"FLOOR COVERINGS; CARPETS AND OTHER TEXTILE, KNOTTED, WHETHER OR NOT MADE-UP"
6593,"FLOOR COVERINGS; 'KELEM', 'SCHUMACKS', 'KARAMANIE' AND SIMILAR HAND-WOVEN RUGS"
6594,"CARPETS AND OTHER TEXTILE FLOOR COVERINGS, TUFTED, WHETHER OR NOT MADE-UP"
6595,"CARPETS AND OTHER TEXTILE FLOOR COVERINGS, WOVEN, NOT TUFTED OR FLOCKED, WHETHER OR NOT MADE-UP"
6596,"CARPETS AND OTHER TEXTILE FLOOR COVERINGS, NOT ELSEWHERE SPECIFIED"
6611,"QUICKLIME, SLAKED LIME AND HYDRAULIC LIME (OTHER THAN CALCIUM OXIDE AND HYROXIDE OF SUBGROUP 522.6)"
6612,"PORTLAND CEMENT, ALUMINOUS CRMENT, SLAG CEMENT, SUPERSULPHATE CEMENT AND SIMILAR HYDRAULIC CEMENTS, WHETHER OR NOT COLOURED OR IN THE FORM OF CLINKERS"
6613,"MONUMENTAL OR BUILDING STONE, WORKED AND ARTICLES THEREOF"
6618,"MINERAL; NON-METALLIC, CONSTRUCTION MATERIALS OF ASBESTOS-CEMENT AND FIBRE-CEMENT AND OF UNFIRED NON-METALLIC MINERALS, N.E.S."
6623,REFRACTORY BRICKS AND OTHER REFRACTORY CONSTRUCTION MATERIALS
6624,"CONSTRUCTION MATERIALS; NON-REFRACTORY CERAMIC BRICKS, TILES, PIPES AND SIMILAR PRODUCTS"
6631,"MINERAL MANUFACTURES; MILLSTONES, GRINDSTONES, GRINDING WHEELS AND THE LIKE, WITHOUT FRAMEWORKS, FOR GRINDING, SHARPENING, POLISHING, TRUEING, OR CUTTING, HAND SHARPENING OR POLISHING STONES, AND PARTS THEREOF, OF NATURAL STONE OR AGGLOMERATED NATURAL OR"
6632,"NAT/ATF ABRASIVE POWDER OR GRAIN, BASE OF TEXTILE MAT, OF PAPER/PAPERBOARD OR OTHER MAT CUT TO SHAPE OR SEWN"
6633,"MANUFACTURES OF MINERAL MATERIALS, NOT ELSEWHERE SPECIFIED"
6635,"SLAG WOOL, ROCK WOOL & SIMILAR MINERAL WOOLS; EXFOLIATED VERMICULITE & SIMILAR EXPANDED MINERAL MATERIALS"
6637,"MINERAL MANUFACTURES; REFRACTORY CERAMIC GOODS (E.G., RETORTS, CRUCIBLES, NUFFLES, NOZZLE, PLUGS, SUPPORT, CUPELS, TUBES, PIPES, SHEATHS AND ROD), NOT ELSEWHERE SPECIFIED"
6638,MANUFACTURES OF ASBESTOS; FRICTION MATERIALS
6639,"MINERAL MANUFACTURES; ARTICLES OF CERAMIC MATERIALS, N.E.S IN GROUP 663"
6641,"GLASS IN THE MASS, IN BALLS, RODS OR TUBES (UNWORKED); WASTE AND SCRAP OF GLASS"
6643,"GLASS; DRAWN OR BLOWN, IN SHEETS, WHETHER OR NOT HAVING AN ABSORBENT OR REFLECTING LAYER BUT NOT OTHERWISE WORKED"
6644,"GLASS; FLOAT AND SURFACE GROUND OR POLISHED, IN SHEETS, WHETHER OR NOT HAVING AN ABSORBENT OR REFLECTING LAYER BUT NOT OTHERWISE WORKED"
6645,"CAST GLASS AND ROLLED GLASS IN SHEETS OR PROFILES, WHETHER OR NOT HAVING AN ABSORBENT OR REFLECTING LAYER"
6647,"GLASS; SAFETY, CONSISTING OF TOUGHENED (TEMPERED) OR LAMINATED"
6648,"GLASS MIRRORS, WHETHER OR NOT FRAMED"
6649,"GLASS, NOT ELSEWHERE SPECIFIED"
6651,"GLASSWARE; CONTAINERS, OF GLASS, OF A KIND USED FOR THE CONVEYANCE OR PACKING OF GOODS, STOPPERS AND CLOSURES, OF GLASS"
6652,"GLASSWARE; OF A KIND USED FOR TABLE, KITCHEN, TOILET, OFFICE, INDOOR DECORATION OR SIMILAR PURPOSES (OTHER THAN THAT OF HEADING 665.11, 665.92 OR 665.93)"
6659,"ARTICLES MADE OF GLASS, NOT ELSEWHERE SPECIFIED"
6661,"CERAMIC TABLEWARE, KITCHENWARE AND OTHER CERAMIC HOUSEHOLD AND TOILET ARTICLES"
6662,POTTERY; STATUETTES AND OTHER ORNAMENTAL CERAMIC ARTICLES
6671,"PEARLS, WHETHER OR NOT WORKED OR GRADED, STRUNG, MOUNTED OR SET; UNGRADED PEARLS TEMPORARILY STRUNG"
6672,"DIAMONDS (OTHER THAN SORTED INDUSTRIAL DIAMONDS), WHETHER OR NOT WORKED, BUT NOT MOUNTED OR SET"
6673,"PRECIOUS STONES (OTHER THAN DIAMONDS) AND SEMI-PRECIOUS STONES; WHETHER OR NOT WORKED OR GRANED BUT NOT STRUNG, MOUNTED OR SET; UNGRADED PRECIOUS STONES (OTHER THAN DIAMONDS) AND SEMI-PRECIOUS STONES, TEMPORARILY STRUNG FOR CONVINIENCE OF TRANSPORT"
6674,"SYNTHETIC OR RECONSTRUCTED PRECIOUS OR SEMI-PRECIOUS STONES, WHETHER OR NOT WORKED OR GRADED BUT NOT STRUNG, MOUNTED OR SET; UNGRADED SYNTHETIC OR RECONSTRUCTED PRECIOUS OR SEMI-PRECIOUS STONES, TEMPORARILY STRUNG FOR CONVENIENCE OF TRANSPORT"
6712,"IRON; PIG IRON AND SPIEGELEISEN, IN PIGS, BLOCKS OR OTHER PRIMARY FORMS"
6713,"GRANULES AND POWDERS, OF PIG IRON, SPIEGELEISEN, IRON OR STEEL; FERROUS PRODUCTS OBTAINED BY DIRECT REDUCTION OF IRON ORE AND OTHER SPONGY FERROUS PRODUCTS, IN LUMPS, PELLETS OR SIMILAR FORMS, IRON HAVING A MINIMUM PURITY 99.94%, IN LUMPS, PALLETS OR SIMI"
6714,FERRO-MANGANESE
6715,OTHER FERRO-ALLOYS (EXCLUDING RADIOACTIVE FERRO-ALLOYS)
6724,"INGOTS AND OTHER PRIMARY FORMS, OF IRON OR STEEL"
6726,SEMI-FINISHED PRODUCTS OF IRON OR NON-ALLOY STEEL CONTAINING BY WEIGHT < 0.25% OF CARBON
6727,SEMI-FINISHED PRODUCTS OF IRON OR NON-ALLOY STEEL CONTAINING BY WEIGHT 0.25% OR MORE OF CARBON
6728,ALLOY STEEL; SEMI-FINISHED PRODUCTS
6732,"FLAT-ROLLED PDTS OF IRON OR NON-ALLOY STEEL, NOT CLAD, PLATED OR COATED, NOT FURTHER WORKED THAN HOT-ROLLED"
6734,"FLAT-ROLLED PDTS OF IRON OR NON-ALLOY STEEL, NOT CLAD, PLATED/COATED, NOT FURTHER WORKED THAN COLD-ROLLED"
6735,"IRON OR NON-IRON STEEL; FLAT-ROLLED, NOT CLAD, PLATED OR COATED, N.E.S."
6741,"FLAT-ROLLED PRODUCTS OF IRON OR NON-ALLOY STEEL, PLATED OR COATED WITH ZINC"
6742,"IRON OR NON-IRON STEEL; FLAT-ROLLED, PLATED OR COATED WITH TIN"
6743,"IRON OR NON-IRON STEEL; FLAT-ROLLED, PAINTED, VARNISHED OR PLASTIC COATED"
6744,"FLAT-ROLLED PRODUCTS OF IRON OR NON-ALLOY STEEL, CLAD, PLATED OR COATED, N.E.S., OF A WIDTH OF 600 MM OR MORE"
6745,"IRON OR NON-IRON STEEL; FLAT-ROLLED, CLAD, PLATED OR COATED, N.E.S.IN GROUP 674, OF A WIDTH OF LESS AS 600 MM"
6751,"ALLOY STEEL; FLAT-ROLLED, OF SILICON-ELECTRICAL"
6752,FLAT-ROLLED PRODUCTS OF HIGH SPEED STEEL
6753,"ALLOY STEEL; FLAT-ROLLED, OF STAINLESS STEEL, NOT FURTHER WORKED THAN HOT-ROLLED"
6754,"ALLOY STEEL; FLAT-ROLLED, OF ALLLOY STEEL N.E.S IN GROUP 675, NOT FURTHER WORKED THAN HOT-ROLLED"
6755,"ALLOY STEEL; FLAT-ROLLED, OF STAINLESS STEEL, NOT FURTHER WORKED THAN COLD-ROLLED (COLD-REDUCED)"
6756,"FLAT-ROLLED PRODUCTS OF OTHER ALLOY STEEL, NOT FURTHER WORKED THAN COLD-ROLLED"
6757,"FLAT-ROLLED PRODUCTS OF ALLOY STEEL, NOT ELSEWHERE SPECIFIED"
6761,"IRON OR STEEL; BARS AND RODS, HOT-ROLLED, IN IRREGULARLY WOUND COILS"
6762,"BARS AND RODS, OF IRON OR STEEL NOT FURTHER WORKED THAN HOT-ROLLED OR HOT-DRAWN OR HOT-EXTRUDED OR TWISTED"
6763,"BARS AND RODS, OF IRON OR STEEL NOT FURTHER WORKED THAN COLD-FORMED OR COLD-FINISHED"
6764,"OTHER BARS AND RODS, OF IRON AND STEEL"
6768,"ANGLES, SHAPES AND SECTIONS AND SHEET PILING, OF IRON OR STEEL"
6770,"RAILWAY OR TRAMWAY TRACK CONSTRUCTION MATERIAL, OF IRON OR STEEL"
6781,WIRE OF IRON OR NON-ALLOY STEEL
6782,"IRON OR STEEL; WIRE, OF STAINLESS STEEL OR OTHER ALLOY STEEL"
6791,"IRON OR STEEL; TUBES, PIPES AND HOLLOW PROFILES, SEAMLESS"
6793,"OTHER TUBES AND PIPES HAVING INT AND EXT CIRCULAR CROSS- SECTION, EXT DIA > 406.4 MM, OF IRON OR STEEL"
6794,"OTHER TUBES, PIPES AND HOLLOW PROFILES, OF IRON OR STEEL"
6795,"IRON OR STEEL; TUBE OR PIPE FITTINGS (E.G., COUPLINGS, ELBOWS, SLEEVES)"
6811,"SILVER (INCLUDING BASED METALS CLAD WITH SILVER), UNWROUGHT, UNWORKED OR SEMI-MANUFACTURED"
6812,"NON-FERROUS METAL; PLATINUM AND OTHER METALS OF THE PLATINUM GROUP (INCLUDING METALS CLAD WITH PLATINUM OR OTHER METALS OF THE PLATINUM GROUP), UNWROUGHT, UNWORKED OR SEMI-MANUFACTURED"
6821,"COPPER, REFINED AND UNREFINED; COPPER ANODES FOR ELECTROLYTIC REFINING; COPPER ALLOYS, UNWROUGHT"
6823,"COPPER BARS, RODS AND PROFILES"
6824,COPPER WIRE
6825,"COPPER PLATES, SHEETS AND STRIP OF A THICKNESS > 0.15 MM"
6826,"COPPER FOIL (WHETHER OR NOT PRINTED OR BACKED WITH PAPER, PAPERBOARD, PLASTICS OR SIMILAR BACKING MATERIALS) OF A THICKNESS (EXCLUDING ANY BACKING) NOT EXCEEDING 0.15 MM; COPPER POWDERS AND FLAKES"
6827,"COPPER TUBES, PIPES AND TUBE OR PIPE FITTINGS (E.G., COUPLING, ELBOWS, SLEEVERS)"
6831,"NICKEL AND NICKEL ALLOYS, UNWROUGHT (EXCLUDING ELECRO-PLATING ANODES)"
6832,NICKEL AND NICKEL ALLOYS; WORKED (EXCLUDING ELECTRO-PLANTING ANODES)
6841,"ALUMINIUM AND ALUMINIUM ALLOYS, UNWROUGHT"
6842,"ALUMINIUM AND ALUMINIUM ALLOYS, WORKED"
6851,LEAD AND LEAD ALLOYS; UNWROUGHT
6852,"LEAD AND LEAD ALLOYS, WORKED"
6861,ZINC AND ZINC ALLOYS; UNWROUGHT
6863,ZINC AND ZINC ALLOYS; WORKED
6871,TIN AND TIN ALLOYS; UNWROUGHT
6872,"TIN AND TIN ALLOYS, WORKED"
6891,"TUNGSTEN, MOLYDENUM, TANTALUM AND MAGNESIUM, UNWROUGHT (INCL WASTE AND SCRAP)"
6898,"NON-FERROUS BASE METALS; INTERMEDIATE PRODUCTS OF COBALT METALLURGY; COBALT, CADMIUM, TITANIUM AND ZIRCONIUM, UNWROUGHT (INCLUDING WASTE AND SCRAP)"
6899,"BASE METALS, N.E.S. & CERMETS, AND ARTICLES THEREOF, N.E.S. (INCL WASTE AND SCRAP)"
6911,"STRUCTURES OR PARTS OF STRUC- TURES; PLATES, RODS, ANGLES SHAPES, SECTIONS, TUBES, ETC PREPD FOR USE IN STRUCTURE"
6912,"ALUMINIUM STRUCTURES & PARTS OF STRUCTURES; ALUMINIUM PLATES, RODS, PROFILES, TUBES, ETC"
6921,"RESERVOIRS, TANKS, VATS AND SIMILAR CONTAINERS FOR ANY MATERIAL (OTHER THAN COMPRESSED OR LIQUEFIED GAS), OF IRON,STEEL OR ALUMINIUM, OF CAPACITY EXCEEDING 300 LITRES, WHETHER OR NOT LINED OR HEAT-INSULATED, BUT NOT FITTED WITH MECHANICAL OR THERMAL EQUI"
6924,"IRON, STEEL OR ALUMINIUM; TANKS, CASKS, DRUMS, CANS, BOXES & SIMILAR CONTAINERS FOR ANY MATERIAL (INCLUDING COMPRESSED OR LIQUEFIED GAS) OF , OF A CAPACITY NOT EXCEEDING 300 LITRES, WHETHER OR NOT LINED OR HEATED-INSULATED, BUT NOT FITTED WITH MECHANICAL"
6931,"STRANDED WIRE, ROPES, PLAITED BANDS, SLINGS, ETC, OF IRON/ STEEL/COPPER/ALUMINIUM, NOT ELECTRICAL INSULATED"
6932,"BARBED WIRE OF IRON OR STEEL TWISTED HOOP/SINGLE FLAT WIRE, BARBED/ NOT & LOOSELY TWISTED DOUBLE WIRE"
6935,"CLOTH, GRILL, NETTING AND FENCING OF IRON/STEEL/COPPER WIRE; EXPANDED METAL OF IRON/ STEEL/COPPER"
6941,"NAILS, TACKS, DRAWING PINS, CORRUGATED NAILS, STAPLES (OTHER THAN THOSE OF HEADING 895.12) & SIMILAR ARTICLES, OF IRON OR STEEL, WHETHER OR NOT WITH HEADS OF OTHER MATERIAL, BUT EXCLUDING SUCH ARTICLES WITH HEADS OF COPPER"
6942,"SCREWS, BOLTS, NUTS, COACH- SCREWS, SCREW HOOKS, RIVETS, COTTERS, COTTER-PINS, WASHERS (INCLUDING SPRING WASHERS) & SIMILAR ARTICLES, OF IRON OR STEEL"
6943,"NAILS, TACKS, DRAWING PINS, STAPLES, ETC, OF COPPER/ IRON/ STEEL, WITH HEADS OFCOPPER; SCREWS, BOLTS, ETC."
6944,"NAILS,TACKS, STAPLES (OTHER THAN THOSE OF HEADING 895.12), SCREWS, BOLTS, NUTS, SCREW HOOKS, RIVETS, COTTERS, COTTERS-PINS, WASHER AND SIMILAR ARTICLES OF ALUMINIUM"
6951,"HAND TOOLS; SPADES, SHOVELS, MATTOCKS, PICKS, HOES, FORKS AND RAKES; AXES, BILL HOOKS AND SIMILAR HOWING TOOLS; SECATEURES OF ANY KIND; SCYTHES, HAY KNIVES, HEDGE SHARES, TIMBER WEDGES AND OTHER TOOLS OF A KIND USED IN ALGRICULTURE, HORTICULTURE OR FOREST"
6952,"HAND TOOLS; HAND SAWS, FILES, RASPS, PLIERS, PINCERS, TWEEZERS, METAL CUTTING SHARES, PIPE CUTTERS, BOLT CROPPERS, PERFORATING PUNCHES & SIMILAR"
6953,"SPANNERS & WRENCHES, HAND- OPERATED; INTERCHANGABLE SPANNER SOCKETS, WITH OR WITHOUT HANDLE"
6954,"HAND TOOLS, N.E.S.,BLOW LAMPS; VICES, CLAMPS AND THE LIKE, ANVILS; PORTABLE FORGES; HAND/ PEDAL OPERATE"
6955,"HAND TOOLS; BLADES FOR SAWS OF ALL KINDS (INCLUDING SLITTING, SLOTTING OR TOOTHLESS SAW BLADES)"
6956,"KNIVES AND CUTTING BLADES, FOR MACHINES OR FOR MECHANICAL APPLIANCE; INTERCHANGEABLE TOOLS FOR HAND TOOLS OR FOR MACHINE TOOLS; PLATES, STICKS, TIPS AND THE LIKE FOR TOOLS"
6957,OTHER HAND TOOLS PUT UP IN SETS FOR RETAIL SALE
6963,RAZORS AND RAZOR BLADES (INCLUDING RAZOR BLADE BLANKS IN STRIPS)
6964,"CUTLERY; SCISSORS, TAILORS' SHEARS AND SIMILAR SHEARS AND BLADES, THEREFOR"
6965,OTHER ARTICLES OF CUTLERY; MANICURE OR PEDICURE SETS AND INSTRUMENTS
6966,"SPOONS,FORKS,LADLES,SKIMMERS, CAKE-SERVERS, FISH-KNIVES, BUTTER-KNIVES, SUGAR TONGS & SIMILAR KITCHEN OR TABLEWARES"
6968,"CUTLERY; KNIVES WITH CUTTING BLADES, SERRATED OR NOT (INCLUDING PRUNING KNIVES), OTHER THAN KNIVES OF HEADING 695.6 & BLADES THEREFOR"
6973,"HOUSEHOLD EQUIPMENTS; BASE METAL, COOKING OR HEATING APPARATUS OF A KIND USED FOR DOMESTIC PURPOSES, NON-ELECTRIC, & PARTS THEREOF, OF IRON, STEEL OR COPPER"
6974,"HOUSEHOLD EQUIPMENTS; BASE METAL, TABLE, KITCHEN OR OTHER HOUSEHOLD ARTICLES & PARTS THEREOF, N.E.S., OF IRON, STEEL, COPPER OR ALUMINIUM; IRON OR STEEL WOOL; POT SCOURERS AND SCOURING OR POLISHING PADS, GLOVES AND THE LIKE, OF IRON, STEEL, COPPER OR ALUM"
6975,"SANITARY WARE & PARTS THEREOF, N.E.S., OF IRON,STEEL,COPPER OR ALUMINIUM"
6978,"HOUSEHOLD EQUIPMENTS; BASE METAL, HOUSEHOLD APPLIANCES, DECORATIVE ARTICLES, FRAMES & MIRRORS OF BASE METALS, N.E.S."
6991,"LOCKSMITHS' WARES, SAFES, STRONG BOXES, ETC & HARD-WARE, N.E.S., OF BASE METAL"
6992,"CHAIN (OTHER THAN ARTICULATED LINK CHAIN) & PARTS THEREOF, OF IRON OR STEEL"
6993,"PINS & NEEDLES, OF IRON/STEEL; BASE METALS BEADS, SPANGLES; & FITTINGS OF BASE METAL, FOR CLOTHINGS"
6994,IRON OR STEEL; SPRINGS AND LEAVES FOR SPRINGS
6995,MISCELLANEOUS ARTICLES OF BASE METAL
6996,"IRON OR STEELS; ARTICLES OF, N.E.S"
6997,"COPPER, NICKEL, ALUMINIUM, LEAD, ZINC AND TIN; ARTICLES, N.E.S"
6998,"SEMI-MANUFACTURES AND ARTICLES OF COBALT, CADMIUM, TITANIUM AND ZIRCONIUM, NOT ELSEWHERE SPECIFIED"
6999,"TUNGSTEN (WOLFRAN), MOLYBDENUM, TANTALUM, MAGNESIUM, OF OTHER BASE METALS; SEMI-MANUFACTURES AND ARTICLES, N.E.S"
7111,"STEAM OR OTHER VAPOUR GENERATING BOILERS, SUPER-HEATED WATER BOILERS"
7112,"POWER-GENERATING MACHINERY AND EQUIPMENT; AUXILIARY PLANTS FOR USE WITH BOILERS OF SUBGROUP 711.1 OR 812.1 (E.G., ECONOMIZERS, SUPER-HEATER, SOOT REMOVERS AND GAS RECOVERES ); CONDENSERS FOR STEAM OR OTHER VAPOUR POWER UNITS"
7119,PARTS FOR BOILERS AND AUXILIARY PLANT
7121,STEAM TURBINES AND OTHER VAPOUR TURBINES
7128,PARTS FOR STEAM TURBINES AND OTHER VAPOUR TURBINES
7131,"INTERNAL COMBUSTION PISTON ENGINES FOR AIRCRAFT, AND PARTS THEREOF, NOT ELSEWHERE SPECIFIED"
7132,"POWER-GENERATING MACHINERY AND EQUIPMENT; INTERNAL COMBUSTION PISTON ENGINES FOR PROPELLING VEHICLES OF DIVISION 78, GROUP 722 AND HEADINGS 744.14, 744.15 AND 891.11"
7133,"INTERNAL COMBUSTION PISTON ENGINES, MARINE PROPULSION"
7138,"POWER-GENERATING MACHINERY AND EQUIPMENT; INTERNAL COMBUSTION PISTON ENGINES, NOT ELSEWHERE SPECIFIED"
7139,"PARTS, N.E.S. FOR INTERNAL COMBUSTION PISTON ENGINES OF SUBGROUPS 713.2, 713.3 AND 713.8"
7144,"ENGINES; REACTION , NON-ELECTRIC (OTHER THAN GROUPS 712, 713 AND 718)"
7148,"GAS TURBINES, NOT ELSEWHERE SPECIFIED"
7149,"ENGINES AND MOTORS; PARTS, OF HEADING 714.41 AND 714.8, NON-ELECTRIC (OTHER THAN GROUPS 712, 713 AND 718)"
7161,ELECTRIC MOTORS OF AN OUTPUT NOT EXCEEDING 37.5 W
7162,"MOTORS (OTHER THAN MOTORS OF AN OUTPUT NOT EXCEEDING 37.5 W) AND GENERATORS, DIRECT CURRENT"
7163,"MOTORS AND GENERATORS, A/C GENERATING SETS, ELECTRIC ROTARY CONVERTERS"
7164,ELECT ROTARY CONVERTERS
7165,GENERATING SETS
7169,"PARTS, N.E.S., SUITABLE FOR USE SOLELY OR PRINCIPALLY WITH THE MACHINES FALLING WITHIN GROUP 716"
7181,"HYDRAULIC TURBINES AND WATER WHEELS AND PARTS, THEREOF"
7187,"POWER-GENERATING MACHINERY; NUCLEAR REACTORS AND PARTS THEREOF; FUEL ELEMENTS (CARTRIDGES), NON-IRRADIATED, FOR NUCLEAR REACTORS"
7189,"ENGINES & MOTORS, N.E.S.;PARTS OF THESE ENGINES & MOTORS & OF THE REACTION ENGINES OF O/T TURBO-JETS"
7211,"MACHINES; AGRICULTURAL, HORTICULTURAL OR FORESTRY MACHINERY FOR SOIL PREPARATION OR CULTIVATION; LAWN OR SPORTS GROUND ROLLERS; & PARTS THEREOF"
7212,"MACHINES; HARVESTING THRESHING MACHINERY (INCLUDING STRAW OR FODDER BALERS); GRASS OR HAY MOWERS; MACHINES FOR CLEANING, SORTING OR GRADING SEED & GRAIN OR FOR GRADING EGGS, FRUIT OR OTHER AGRICULTURE PRODUCE (OTHER THAN MILLING MACHENARY OF HEADING 727.1"
7213,MACHINES ; MILKING AND DAIRY; PARTS THEREOF
7219,"AGRI/HORTICULT/FORESTRY/ POULTRY/BEE-KEEPING MACHINERY, N.E.S. & PARTS THEREOF, N.E.S."
7223,TRACTORS; TRACK-LAYING
7224,TRACTORS; WHEELED (OTHER THAN THOSE OF HEADING 744.14 AND 744.15)
7231,"BULLDOZERS, ANGLEDOZERS, GRADERS AND LEVELLERS, SELF-PROPELLED"
7232,"CIVIL ENGINEERING AND CONTRACTOR' PLANT; MECHANICAL SHOVELS, EXCAVATORS, AND SHOVEL-LOADERS, SELF-PROPELLED"
7233,"MOVING, GRADING, LEVELLING, SCRAPING, EXCAVATING, TAMPING, COMPACTING, EXTRACTING OR BORING MECHINERY FOR EARTH, MINERALS OR ORES, SELF-PROPELLED, N.E.S."
7234,"CONSTRUCTION AND MINING MACHINERY, NOT ELSEWHERE SPECIFIED"
7239,"PARTS, N.E.S., OF THE MECHINERY OF GROUP 723 (EXCLUDING HEADING 723.48) AND OF SUBGROUP 744.3"
7243,"SEWING MACHINES, FURNITURE, BASES & COVERS FOR SEWING MACHINES; NEEDLES; PARTS OF THE SEWING MACHINES"
7244,"TEXTILE AND LEATHER MACHINERY; FOR EXTRUDING, DRAWING, TEXTURING OR CUTTING TEXTILE MATERIALS; FOR PREPARING TEXTILE FIBRES, SPINNING, DOUBLING OR TWISTING AND OTHER MACHINERY FOR PRODUCING TEXTILE YARNS; TEXTILE REELING OR WINDING (INCLUDING WEFT-WINDING"
7245,"TEXTILE AND LEATHER MACHINERY;WEAVING, KNITTING, STITCH BONDING AND FOR MAKING GIMPED YARN, TULLE, LACE, EMBRIODERY, TRIMMINGS, BRAID OR NOT AND FOR TUFTING OR FOR MAKING NONMOVENS; FOR PREPARING YARNS FOR USED ON THE MACHINES OF HEADING 724.51, 724.52 AN"
7246,"AUXILIARY MACHINERY; PARTS AND ACCESSORIES, NOT ELSEWHERE SPECIFIED"
7247,"TEXTILE AND LEATHER MACHINERY; OTHER THAN SUBGROUP 775.1, FOR WASHING, CLEANING, WRINGING, DRYING, IRONING, PRESSING (INCLUDING FUSING PRESSES), BLEACHING, DYING, DRESSING, FINISHING, COATING OR IMPREGNATING TEXTILE YARNS, FABRICS OR MADE-UP TEXTILE ARTIC"
7248,"TEXTILE AND LEATHER MACHINERY; OTHER THAN SEWING MACHINES, FOR PREPARING, TANNING OR WORKING HIDES, SKINS OR LEATHER OR FOR MAKING OR REPAIRING FOOTWEAR OR OTHER ARTICLES OF HIDES, SKINS OR LEATHER; PARTS THEREOF"
7249,PARTS FOR MACHINES OF HEADINGS 724.7 AND 775.1
7251,MACHINERY FOR MAKING PULP OF FIBROUS CELLULOSIC MATERIAL OR FOR MAKING OR FINISHING PAPER OR PAPERBOARD
7252,"OTHER MACHINERY FOR MAKING UP PAPER PULP, PAPER OR PAPERBOARD"
7259,"MACHINES; PARTS, OF HEADING 725"
7263,"MACH/APP AND EQUIPMENT FOR TYPE-SETTING, TYPE-FOUNDING, PREPARING/MAKING PRINT BLOCK, PLATES, ETC, FOR PRINTING"
7265,PRINTING MACHINERY; OFFSET
7266,OTHER PRINTING MACHINERY; MACHINES FOR USES ANCILLARY TO PRINTING
7268,BOOKBINDING MACHINERY; PARTS THEREOF
7269,"PARTS FOR THE MACH/APP AND EQUIPMENT FOR PREPN OR MAKING OF PRINTING BLOCKS, ETC, OFF-SET PRINTING MACH, ETC."
7271,MACHINERY USED IN THE MILLING INDUSTRY OR FOR THE WORKING OF CEREALS OR DRIED LEGUMINOUS VEGETABLES (OTHER THAN FARM-TYPE MACHINERY)
7272,"MACHINES; FOOD PROCESSING, N.E.S IN SUBGROUP 7271 AND PARTS THEREOF, N.E.S"
7281,MACHINE-TOOLS SPECIALIZED FOR PARTICULAR INDUSTRY; PARTS & ACCESSORIES THEREOF
7282,"MACHINES AND APPARATUS OF A KIND USED SOLELY OR PRINCIPALLY FOR THE MANUFACTURE OF SEMICONDUCTOR BOULES OR WAFERS, SEMICONDUCTOR DEVICES, ELECTRONIC INTERGRATED CIRCUITS OR FLAT PANEL DISPLAYS; PARTS AND ACCESSORIES"
7283,"MACHINERY; FOR SORTING, SCREENING, SEPARATING, WASHING, CRUSHING, GRINDING, MIXING OR KNEADING EARTH, STONE, ORES OR OTHER MINERAL SUBSTANCES, IN SOLID (INCLUDING POWDER OR PASTE) FORM; MACHINERY FOR AGGLOMERATING, SHAPING OR MOULDING SOLID MINERAL FUELS"
7284,"MACHINERY AND MECHANICAL APPLIANCES SPECIALIZED FOR PARTICULAR INDUSTRIES, NOT ELSEWHERE SPECIFIED"
7285,"MACHINES AND MECHANICAL APPLIANCES; PARTS, OF THE OF HEADING 723.48, 727.21 AND 728.41 TO 728.49, N.E.S"
7311,"MACHINE-TOOLS FOR WORKING ANY MATERIAL BY REMOVAL OF MATERIAL, BY LASER OR OTHER LIGHT OR PHOTO BEAMS, ULTRA-SONIC, ELECTRO-DISCHARGE, ELECTRO-CHEMICALS, ELECTRON BEAM, IONIC-BEAM OR PLASMA ARC PROCESSES"
7312,"MACHINING CENTRES, UNIT CONSTRUCTION MACHINES (SINGLE STATION) AND MULTI-STATION TRANSFER MACHINE FOR WORKING METAL"
7313,LATHES FOR REMOVING METAL (OTHER THAN THOSE OF SUBGROUP 731.1 OR 731.2 OR 733.9)
7314,"MACHINES; WAY-TYPE UNIT HEAD, OTHER MACHINE-TOOLS FOR DRILLING OR BORING"
7315,"MACHINE-TOOLS FOR MILLING, THREADING OR TAPPING BY REMOVING METAL (OTHER THAN THE LATHES OF HEADING 731.3 OR THE MACHINE-TOOLS OF HEADING 731.1, 731.2 OR 731.4)"
7316,"MACHINE-TOOLS; FOR DEBURRING, SHARPENING, GRINDING, HONING, LAPPING, POLISHING OR OTHERWISE FINISHING METAL, SINTERED METAL CARBIDES OR CERMETS BY MEANS OF GRINDING STONES, ABRASIVES OR POLISHING PRODUCTS (OTHER THAN GEAR-CUTTING, GEAR GRINDING OR GEAR FI"
7317,"MACHINE-TOOLS FOR PLANING, SHAPING, BROACHING, GEAR- CUTTING, ETC, BY REMOVING METAL/SINTERED METAL CARB"
7331,"MACHINE-TOOLS; INCLUDING PRESSED, FOR WORKING METAL BY FORGING, HAMMERING OR DIE-STAMPING; FOR WORKING METAL BY BENDING, FOLDING, STRAIGHTENING, FLATTENING, SHEARING, PUNCHING OR NOTCHING; PRESSED FOR WORKING METAL OR METAL CARBIDES, N.E.S"
7339,"OTHER MACHINE-TOOLS FOR WORKING METAL, SINTERED METAL CARBIDES OR CERMETS, WITHOUT REMOVING MATERIALS"
7351,"WORK-HOLDERS, SELF-OPENING DIE-HARDS, DIVIDING HEADS FOR MACHINE-TOOLS; TOOL HOLDERS"
7359,"MACHINES; PARTS AND ACCESSORIES OF GROUP 731 AND 733, N.E.S IN SUBGROUP 7351"
7371,"METALWORKING MACHINERY; OTHER THAN MACHINE TOOLS, CONVERTERS, LADLES, INGOT MOULDS AND CASTING MACHINES OF A KIND USED IN METALLURGY OR IN METAL FOUNDRIES, AND PARTS THEREOF N.E.S"
7372,"METALWORKING MACHINERY; OTHER THAN MACHINE TOOLS, METAL-ROLLING MILLS AND ROLLS AND OTHER PARTS THEREOF"
7373,"METALWORKING MACHINERY; OTHER THAN MACHINE TOOLS, ELECTRIC (INCLUDING ELECTRICALLY HEATED GAS), LASER OR OTHER LIGHT OR PHOTON BEAN, ULTRA-SONIC, ELECTRON BEAM, MAGNATIC PULSE OR PLASMA ARC SOLDERING, BRAZING OR WELDING MACHINES AND APPARATUS, WHETHER OR"
7374,"MACHINERY AND APPARATUS; FOR SOLDERING, BRAZING OR WELDING, WHETHER OR NOT CAPABLE OF CUTTING (OTHER THAN OF SUBGROUP 737.3); GAS-OPERATED SURFACE TEMPERING MACHINES AND APPLIANCES, AND PARTS THEREOF, N.E.S"
7412,"FURNACE BURNERS FOR LIQUID FUEL, PULVERIZED SOLID FUEL, GAS; MECHANICAL STOKERS, MECHANICAL GRATES, MECHANICAL ASH DISCHARGES AND SIMILAR APPLIANCE, AND PART THEREOF, N.E.S."
7413,"INDUSTRIAL OR LABORATORY FURNACES AND OVENS, ETC AND PARTS THEREOF"
7414,"REFRIGERATORS, FREEZERS AND OTHER REF/FREEZING EQUIPMENT, NON-DOMESTIC, PARTS OF REFRIGERATORS/FREEZERS, ETC."
7415,"AIR-CONDITIONING MACHINE COMPRISING A MOTOR-DRIVEN FAN AND ELEMENTS FOR CHANGING THE TEMPERATURE AND HUMIDITY, INCLUDING THOSE MACHINES IN WHICH THE HUMIDINITY CANNOT BE SEPERATELY REGULATED;AND PARTS THEREOF"
7417,"GAS GENERATORS, DISTILLING OR RECTIFYING PLANT, HEAT EXCHANGE UNITS AND MACHINERY; FOR LIQUEFYING AIR OR GAS"
7418,"MACHINERY; FOR PLANT AND SIMILAR LABORATORY EQUIPMENT, N.E.S IN SECTION 7, WHETHER OR NOT ELECTRICALLY HEATED, FOR THE TREATMENT OF THE MATERIALS BY A PROCESS INVOLVING A CHANGE OF TEMPERATURE, NOT BEING MACHINERY OR PLANT OF A KIND USED FOR DOMESTIC PURP"
7419,"MACHINERY; PARTS THERE OF, INCLUDED SUBGROUP 741.7 AND 741.8"
7421,PUMPS; FITTED OR DESIGNED TO BE FITTED WITH MEASURING DEVICE
7422,"FUEL, LUBRICATING OR COOLING MEDIUM PUMPS FOR INTERNAL COMBUSTION PISTON ENGINES ON ENGINES"
7423,"PUMPS; CONCRETE, FITTED OR DESIGNED TO BE FITTED WITH A MEASURING DEVICES"
7424,"PUMPS; RECIPROCATING POSITIVE DISPLACEMENT PUMPS, N.E.S., FITTED OR DESIGNED TO BE FITTED WITH A MEASURING DEVICES"
7425,"ROTARY POSITIVE DISPLACEMENT PUMPS, NOT ELSEWHERE SPECIFIED"
7426,"CENTRIFUGAL PUMPS, NOT ELSEWHERE SPECIFIED"
7427,"PUMPS FOR LIQUIDS, NOT ELSEWHERE SPECIFIED AND LIQUID ELEVATORS"
7429,PARTS OF PUMPS FOR LIQUIDS ELEVATORS OF GROUP 742
7431,"PUMPS (OTHER THAN FOR LIQUIDS); AIR OR VACUUM , AIR OR OTHER GAS COMPRESSORS, VENTILATING OR RECYCLING HOODS (OTHER THAN COOKER HOODS), INCORPORATING A FAN"
7434,PUMPS (OTHER THAN FOR LIQUIDS); FANS AND COOKER HOODS INCORPORATING A FAN
7435,"PUMPS (OTHER THAN FOR LIQUIDS); CENTRIFUGES (INCLUDING CENTRIFUGES DRYERS), N.E.S."
7436,PUMPS; FILTERING AND PURIFYING MACHINERY AND APPARATUS FOR LIQUIDS OR GASES
7438,"PARTS FOR PUMPS, COMPRESSORS, FANS AND HOODS OF HEADINGS 743.1 AND 743.4"
7439,"PUMPS; PARTS THERE OF, FOR MACHINES AND APPARATUS OF SUBGROUP 743.5 AND 743.6"
7441,"WORKS TRUCKS, OF THE TYPE USED IN FACTORIES, WAREHOUSES, DOCK AREAS OR AIRPORTS FOR SHORT DISTANCE TRANSPORT OF GOODS; TRACTORS OF THE TYPE USED ON RAILWAY STATION PLATFORMS; PARTS, N.E.S, OF THE FOREGOING VEHICLES"
7442,MECHANICAL HANDLING EQUIPMENT; PULLEY TACKLE AND HOISTS (OTHER THAN SKIP HOISTS); WINCHES AND CAPSTANS
7443,SHIP'S DERRICKS; CRANES (INCLUDING CABLE CRANE); MOBILE LIFTING FRAMES; STRADDLE CARRIERS AND WORKS TRUCKS FITTED WITH A CRANE
7444,JACKS; HOISTS OF A KIND USED FOR RAISING VEHICLES
7447,"MECHANICAL HANDLING EQUIPMENT; CONTINOUS-ACTION ELEVATORS, AND CONVEYORS, FOR GOODS OR MATERIALS"
7448,"LIFTING, HANDLING, LOADING OR UNLOADING MACHINERY, NOT ELSEWHERE SPECIFIED"
7449,"PARTS SUITABLE FOR USE SOLELY OR PRINCIPALLY WITH THE MACHINERY OF HEADINGS 744.11, 744.12, 744.13, AND SUBGROUP 744.2, 744.4, 744.7 AND 744.8"
7451,"TOOLS FOR WORKING IN THE HAND, PNEUMATIC/WITH SELF-CONTAINED NON-ELECTRICAL MOTOR AND PARTS, THEREOF"
7452,"DISH WASHING MACHINES (OTHER THAN HOUSEHOLD TYPE); MACHINERY FOR CLEANING OR DRYING BOTTLES OR CONTAINERS; MACHINERY FOR FILLING, CLOSING, SEALING, CAPSULING OR LABELLING BOTTLE, CANS, BOXES, BAGS OR OTHER CONTAINERS; OTHER PACKING OR WRAPPING MACHINERY;"
7453,WEIGHING MACHINERY (EXCLUDING BALANCE OF A SENSITIVITY OF 5 CG OR BETTER) INCLUDING WEIGHT-OPERATED COUNTING OR CHECKING MACHINES; WEIGHING MACHINES OF ALL KINDS; PARTS THEREOF
7456,"MACHINERY; NON-ELECTRICAL, MECHANICAL APPLIANCES, WHETHER OR NOT HAND OPERATED, FOR PROJECTING, DISPERSING OR SPRAYING LIQUIDS OR POWDERS; FIRE EXTINGUISHERS, WHETHER OR NOT CHARGED; SPRAY GUNS AND SIMILAR APPLIANCES; STEAM OR SAND BLASTING MACHINES AND S"
7459,OTHER NON-ELECTRICAL MACHINES AND PARTS THEREOF
7461,BALL BEARINGS
7462,TAPERED ROLLER BEARINGS
7463,BEARING; SPHERICAL ROLLER
7464,BEARING; NEEDLE ROLLER
7465,OTHER CYLINDRICAL ROLLER BEARINGS
7468,"BEARING; OTHER BALL OR ROLLER BEARINGS, INCLUDING COMBINED BALL OR ROLLER"
7469,PARTS OF BALL AND ROLLER BEARINGS
7471,PRESSURE-REDUCING VALVES
7472,VALVES; FOR OLEOHYDRAULIC OR PNEUMATIC TRANSMISSIONS
7473,CHECK VALVES
7474,SAFETY OR RELIEF VALVES
7478,"TAPS, COCKS, VALVES AND SIMILAR APPLIANCES, N.E.S."
7479,VALVES; PARTS FOR APPLIANCE OF GROUP 747
7481,TRANSMISSION SHAFTS (INCLUDING CAMSHAFT AND CRANK SHAFTS) AND CRANKS
7482,BEARING HOUSINGS AND PLAIN SHAFT BEARINGS
7483,"ARTICULATED LINK CHAIN AND PARTS THEREOF, OF IRON OR STEEL"
7484,"GEARS AND GEARINGS (EXCLUDING TOOTHED WHEELS, CHAINS SPOCKETS AND OTHER TRANSMISSION ELEMENTS PRESENTED SEPARATELY); BALL SCREWS; GEAR BOXES AND OTHER SPEED CHANGERS (INCLUDING TORQUE CONVERTERS)"
7485,FLYWHEELS AND PULLEYS
7486,CLUTCHES AND SHAFT COUPLINGS (INCLUDING UNIVERSAL JOINTS)
7489,"PARTS, N.E.S., FOR THE ARTICLES OF GROUP 748"
7491,"MOULDING BOXES FOR METAL FOUNDRY; MOULD BASES; MOULDING PATTERNS; MOULDS FOR METAL (OTHER THAN INGOT MOULDS), METAL CARBIDES, GLASS, MINERAL MATERIALS, RUBBER OR PLASTICS"
7492,"GASKETS AND SIMILAR JOINTS OF METAL SHEETING COMPINED WITH OTHER MATERIAL OR OF TWO OR MORE LAYERS OF METAL; SETS OR ASSORTMENTS OF GASKETS AND SIMILAR JOINTS, DISSIMILAR IN COMPOSITION, PUT UP IN POUCHES, ENVELOPES OR SIMILAR PACKINGS; MECHANICAL SEALS"
7499,"MACHINE PARTS, NOT CONTAINING ELECTRO CONNECTORS,INSULATORS, COILS, CONTACTS OR OTHER ELECTRICAL FEATURES, N.E.S."
7511,TYPEWRITERS; WORD-PROCESSING MACHINES
7512,"CALCULATING, ACCOUNTING, POSTAGE-FRANKING, TICKET-ISSUING AND SIMILAR MACHINES; CASH REGISTERS"
7519,OTHER OFFICE MACHINES
7522,"PORTABLE AUTOMATIC DATA PROCESSING MACHINES, CONSISTING OF A LEAST A CENTRAL PROCESSING UNIT, A KEYBOARD AND A DISPLAY"
7523,"DATA PROCESSING MACHINES; AUTOMATIC, OTHER THAN PORTABLE"
7526,INPUT OR OUTPUT UNITS WHETHER NOT CONTAINING STORAGE UNITS IN THE SAME HOUSING
7527,DATA PROCESSING MACHINES; STORAGE UNITS
7528,OTHER UNITS OF AUTOMATIC DATA PROCESSING MACHINES
7529,"DATA PROCESSING EQUIPMENT, NOT ELSEWHERE SPECIFIED"
7598,"PARTS AND ACCESSORIES EQUALLY SUITABLE FOR USE WITH MACHINES OF TWO OR MORE OF THE SUBGROUP 751.1, 751.2, 751.9 AND GROUP 752"
7599,"PARTS AND ACCESSORIES (OTHER THAN COVERS, CARRYING CASES AND THE LIKE) SUITABLE FOR USE SOLELY OR PRINCIPALLY WITH MACHINES OF SUB-GROUP 751.1, 751.2, 751.9 AND GROUP 752"
7613,CATHODE-RAY TUBE
7614,"MONITORS; OTHER THAN CATHODE-RAY TUBE, NOT INCORPORATING TELEVISION RECEPTION APPARATUS"
7615,"PROJECTORS, NOT INCORPORATING TELEVISION RECEPTION APPARATUS"
7616,"RECEPTION APPARATUS FOR TELEVISION, WHETHER OR NOT INCORPORATING RADIO-BROADCAST RECEIVERS OR SOUND OR VIDEO RECORDING OR REPRODUCING APPARATUS"
7621,"RADIO-BROADCAST RECEIVERS NOT CAPABLE OF OPERATING WITHOUT AN EXTERNAL SOURCE OF POWER, FOR MOTOR VEHICLES"
7622,RADIO-BROADCAST RECEIVERS CAPABLE OF OPERATING WITHOUT AN EXTERNAL SOURCE OF POWER
7628,OTHER RADIO-BROADCAST RECEIVERS
7633,"TURNTABLES AND RECORD-PLAYERS, NOT INCORPORATING SOUND RECORDING DEVICE"
7638,SOUND RECORDING AND OTHER SOUND REPRODUCING APPARATUS; VIDEO RECORDING OR REPRODUCING APPARATUS
7641,"TELECOMMUNICATION EQUIPMENTS; TELEPHONE SETS, INCLUDING TELEPHONES FOR CELLULAR NETWORKS OR FOR OTHER WIRELESS NETWOR; OTHER APPARATUS FOR THE TRANSMISSION OR RECEPTION OF VOICE, IMAGES OR DATA, INCLUDING APPARATUS FOR COMMUNICATION IN A WIRED OR WIRELESS"
7642,"MICROPHONES AND STANDS; LOUD-SPEAKERS, WHETHER OR NOT MOUNTED; HEADPHONES, EARPHONES, ETC"
7643,"TELECOMMUNICATION EQUIPMENTS; TRANSMISSION APPARATUS FOR RADIO-TELEPHONY, RADIO TELEGRAPHY, RADIO BROAD-CASTING OR TELEVISION, WHETHER OR NOT INCORPORATING RECEPTION APPARATUS OR SOUND RECORDING OR REPRODUCING APPARATUS"
7648,TELECOMMUNICATIONS EQUIPMENT NOT ELSEWHERE SPECIFIED
7649,TELECOMMUNICATION EQUIPMENTS; PARTS AND ACCESSORIES SUITABLE FOR USE SOLELY OR PRINCIPALLY WITH THE APPARATUS OF DIVISION 76
7711,ELECTRICAL TRANSFORMERS
7712,OTHER ELECTRIC POWER MACHINE PARTS OF ELECTRICAL POWER MACHINES
7722,PRINTED CIRCUITS
7723,"ELECTRICAL RESISTORS; INCLUDING RHEOSTAT AND POTENTIOMETERS, OTHER THAN HEATING RESISTORS; AND PARTS THEREOF"
7724,"ELECTRICAL APPARATUS; FOR SWITCHING OR PROTECTING ELECTRICAL CIRCUITS, OR FOR MAKING CONNECTIONS TO OR IN ELECTRICAL CIRCUITS, FOR A VOLTAGE EXCEEDING 1000V"
7725,"ELECT APP FOR SWITCHING OR PROTECTING ELECTRICAL CIRCUIT, MAKING CONNECTIONS TO/IN ELECT CIRCUITS, VOLT < 1000"
7726,"BOARDS, PANELS, CONSOLES, DESKS, CABINETS, ETC, EQUIPPED WITH TWO OR MORE APPARATUS FOR CONTROL OR DISTRIBUTION"
7728,"PARTS SUITABLE FOR USE SOLELY OR PRINCIPALLY WITH THE APPARATUS FALLING WITHIN HEADING 772.4, 772.5 AND 772.6"
7731,"INSULATED WIRE, CABLE, ETC FITTED WITH CONNECTORS OR NOT; OPTICAL FIBRE CABLES OF SHEATED FIBRES"
7732,ELECTRICAL INSULATING EQUIPMENT
7741,"ELECTRO-DIAGNOSTIC APPARATUS; OTHER THAN RADIOLOGICAL APPARATUS, FOR MEDICAL, SURGICAL, DENTAL OR VETERINARY USES"
7742,"ELECTRO-DIAGNOSTIC APPARATUS; BASED ON THE USE OF X-RAYS OR ALPHA, BETA OR GAMMA RADIATIONS, WHETHER OR NOT FOR MEDICAL, SURGICAL, DENTAL OR VETERINARY USES (INCLUDING RADIOGRAPHY OR RADIOTHERAPY APPARATUS), X-RAYS TUBES AND OTHER X-RAY GENERATORS; HIGH T"
7751,"HOUSEHOLD TYPE LAUNDRY EQUIPMENT, NOT ELSEWHERE SPECIFIED, WHETHER OR NOT ELECTRICAL"
7752,HOUSEHOLD TYPE REFRIGERATORS AND FOOD FREEZERS
7753,DISH WASHING MACHINES OF THE HOUSEHOLD TYPE
7754,"HOUSEHOLD; SHAVERS AND HAIRS CLIPPERS, WITH SELF-CONTAINED ELECTRIC MOTOR AND PARTS THEREOF"
7755,HOUSEHOLD; VACUUM CLEANERS
7757,"ELECTRO-MECHANICAL, DOMESTIC APPLIANCES WITH SELF-CONTAINED ELECTRIC MOTOR; PARTS THEREOF"
7758,"HOUSEHOLD; ELECTRO-THERMIC APPLIANCES, N.E.S"
7761,"TELEVISION PICTURE TUBES, CATHODE RAY (INCLUDING VIDEO MONITOR CATHODE-RAY TUBES)"
7762,OTHER ELECTRONIC VALVES AND TUBES (INCLUDING TELEVISON CAMERA TUBES)
7763,"DIODES, TRANSISTORS AND SIMILAR SEMI-CONDUCTOR DEVICES; PHOTO-SENSITIVE SEMI-CONDUCTOR DEVICES; DIODES"
7764,ELECTRONIC INTEGRATED CIRCUITS
7768,"ELECTRICAL APPARATUS; PIEZO-ELECTRIC CRYSTALS, MOUNTED AND PARTS, N.E.S. OF THE ELECTRONIC COMPONENTS OF GROUP 776"
7781,ELECTRICAL MACHINERY AND APPARATUS; BATTERIES AND ELECTRIC ACCUMULATORS AND PARTS THEREOF
7782,ELECTRICAL MACHINERY AND APPARATUS; ELECTRIC FILAMENT OR DISCHARGE LAMPS (INCLUDING SEALED BEAM LAMP UNITS AND ULTRA-VIOLET OR INFRA-RED LAMPS); ARC LAMPS; AND PARTS THEREOF
7783,"ELECTRICAL EQUIPMENT, N.E.S. FOR INTERNAL COMBUSTION ENGINES AND VEHICLES AND PARTS THEREOF"
7784,"ELECTRO-MECHANICAL TOOLS FOR WORKING IN THE HAND, WITH SELF-CONTAINED ELECTRIC MOTOR; AND PARTS THEREOF"
7786,"CAPACITORS; ELECTRICAL, FIXED, VARIABLE OR ADJUSTABLE (PRE-SET)"
7787,"ELECTRICAL MACHINES AND APPARATUS; HAVING INDIVIDUAL FUNCTIONS, N.E.S., PARTS THEREOF"
7788,"ELECTRICAL MECHINERY AND EQUIPMENT, NOT ELSEWHERE SPECIFIED"
7811,VEHICLES; SPECIALLY DESIGNED FOR TRAVELLING ON SNOW; GOLF CARS AND SIMILAR VEHICLES
7812,MOTOR VEHICLES FOR THE TRANSPORT OF PERSONS
7821,MOTOR VEHICLES; FOR THE TRANSPORT OF GOODS
7822,"MOTOR VEHICLES; SPECIAL PURPOSE , OTHER THAN THOSE DESIGNED PRIMARILY FOR THE TRANSPORT OF PERSONS OR GOODS (E,G,, BREAKDOWN LORRIES, CRANE LORRIES, FIRE FIGHTING VEHICLES, CONCRETE-MIXER LORRIES, ROD SWEEPER LORRIES, SPRAYING LORRIES, MOBILE WORKSHOPS, M"
7831,"MOTOR VEHICLES FOR THE TRANSPORT OF TEN OR MORE PERSONS, INCLUDING THE DRIVER"
7832,ROAD TRACTORS FOR SEMI-TRAILERS
7841,"MOTOR VEHICLES; PARTS AND ACCESSORIES, CHASSIS FITTED WITH ENGINES FOR THE GROUPS 722, 781, 782 AND 783"
7842,"MOTOR VEHICLES; PARTS AND ACCESSORIES, BODIES (INCLUDING CABS) FOR THE GROUPS 722, 781, 782 AND 783"
7843,"OTHER PARTS AND ACCESSORIES FOR THE MOTOR VEHICLES OF GROUPS 722, 781, 782 AND 783"
7851,"MOTORCYCLES AND CYCLES FITTED WITH AN AUXILIARY MOTOR, WITH OR WITHOUT SIDE-CARS; SIDE-CARS"
7852,"BICYCLES AND OTHER CYCLES (INCLUDING DELIVERY TRICYCLES), NOT MOTORIZED"
7853,INVALID CARRIAGES; WHETHER OR NOT MOTORIZED OR OTHERWISE MECHANICALLY PROPELLED; PARTS OF ARTICLES OF GROUP 785
7861,"TRAILERS AND SEMI-TRAILERS OF THE CARAVAN TYPE, FOR HOUSING OR CAMPING"
7862,TRAILERS AND SEMI-TRAILERS; FOR THE TRANSPORT OF GOODS
7863,CONTAINERS (INCLUDING CONTAINERS FOR THE TRANSPORT OF FLUID) SPECIALLY DESIGNED AND EQUIPPED FOR CARRIAGE BY ONE OR MORE MODES OF TRANSPORT
7868,"OTHER VEHICLES, NOT MECHANICALLY PROPELLED; PARTS OF TRAILERS, SEMI-TRAILERS, OF NON-MECHANICALLY PROPELLED VEHICLES"
7911,RAIL LOCOMOTIVES POWERED FROM AN EXTERNAL SOURCE OF ELECTRICITY OR BY ELECTRIC ACCUMULATORS
7912,RAIL LOCOMOTIVES; N.E.S IN SUBGROUP 7911; LOCOMOTIVE TENDERS
7916,"RAILWAY OR TRAMWAY COACHES, VANS AND TRUCKS, SELF-PROPELLED (OTHER THAN MAINTAINANCE AND SERVICE VEHICLES OF HEADING 791.81)"
7917,"RAILWAY OR TRAMWAY PASSENGER COACHES, NOT SELF-PROPELLED; LUGGAGE VANS, POST OFFICE, ETC"
7918,RAILWAY OR TRAMWAY FREIGHT AND MAINTENANCE CARS
7919,"RAILWAY OR TRAMWAY TRACK FIXTURES AND FITTINGS, MECHANICAL-SIGNALLING SAFETY OR TRAFFIC CONTROL EQUIPMENT"
7921,HELICOPTERS
7922,"AEROPLANES AND OTHER AIRCRAFT, MECHANICALLY PROPELLED (OTHER THAN HELICOTERS), OF AN UNLADEN WEIGHT NOT EXCEEDING 2000 KG"
7923,"AEROPLANES AND OTHER AIRCRAFT, MECHANICALLY PROPELLED, OF AN UNLADEN WEIGHT EXCEEDING 2000 KG BUT < 15000 KG"
7924,"AEROPLANES AND OTHER AIRCRAFT, MECHANICALLY PROPELLED (OTHER THAN HELICOTERS), OF AN UNLADEN WEIGHT EXCEEDING 15000 KG"
7925,SPACECRAFT AND SPACECRAFT LAUNCH VEHICLES
7928,"AIRCRAFT; N.E.S IN GROUP 792, INCLUDING DIRIGIBLES, BALLOONS, GLIDERS, ETC. AND ASSOCIATED EQUIPMENT"
7929,"PARTS, N.E.S., (NOT INCLUDING TYRES, ENGINES AND ELECTRICAL PARTS) OF THE GROUP OF 792"
7931,YACHTS AND OTHER VESSELS FOR PLEASURE OR SPORTS; ROWING BOATS AND CANOES
7932,"SHIPS, BOATS AND OTHER VESSELS (OTHER THAN PLEASURE CRAFT, TUGS, PUSHER CRAFTS, SPECIAL PURPOSE VESSELS AND VASSELS FOR BREAKING UP)"
7933,VESSELS AND OTHER FLOATING STRUCTURES; FOR BREAKING UP
7935,"LIGHT VESSELS, FIRE-FLOATS DREDGERS, FLOATING CRANES AND OTHER VESSELS; FLOATING DOCKS; FLOATING PLATFORMS"
7937,TUGS AND PUSHER CRAFT
7939,OTHER FLOATING STRUCTURES
8110,PREFABRICATED BUILDINGS
8121,BOILERS AND RADIATORS; AIR HEATERS AND HOT AIR DISTS INCORPORATING MOTOR-DRIVEN FAN OR BLOWER AND PARTS THEREOF
8122,"CERAMIC SINKS, WASH BASINS, WASH BASIN PADESTALS, BATHS, BIDETS, WATER CLOSET PANS, FLUSHING CISTERNS, URINALS AND SIMILAR SANITARY FIXTURES"
8131,"LAMPS AND LIGHTING FITTINGS, NOT ELSEWHERE SPECIFIED"
8132,"ILLUMINATED SIGNS, ILLUMINATED NAME-PLATES AND THE LIKE"
8138,PARTS OF PORTABLE ELECTRIC LAMPS DESIGNED TO FUNCTION BY THEIR OWN SOURCE OF ENERGY
8139,"PARTS, N.E.S. OF LAMPS AND LIGHTING FITTINGS AND ILLUMINATED SIGNS, NAME-PLATES AND THE LIKE"
8211,"FURNITURE; SEATS, OTHER THAN SUBGROUP 872.4, WHETHER OR NOT CONVERTIBLE INTO BEDS, AND PARTS THEREOF"
8212,"MATTRESS SUPPORTS; ARTICLES OF BEDDING OR SIMILAR FURNISHINGS, (E.G., MATRESSES, GUILTS, EIDERDOWNS, CUSHIONS, POUFFES AND PILLOWS), FITTED WITH SPRINGS OR STUFFED INTERNALLY FITTED WITH ANY MATERIAL OR OF CELLULAR RUBBER OR PLASTICS, WHETHER OR NOT COVER"
8213,"FURNITURE, NOT ELSEWHERE SPECIFIED, OF METAL"
8215,"FURNITURE; N.E.S IN GROUP 821, OF WOOD"
8217,"FURNITURE; N.E.S IN GROUP 821, OF OTHER MATERIALS"
8218,"PARTS OF FURNITURE OF METAL, WOOD AND OTHER MATERIALS"
8311,"HANDBAGS, WHETHER OR NOT WITH SHOULDER STRAP (INCLUDING THOSE WITHOUT HANDLE)"
8312,"TRUNKS, SUIT-CASES, VANITY CASES, EXECUTIVE-CASES, BRIEF-CASES, SCHOOL SATCHELS AND SIMILAR CONTAINERS"
8313,"TRAVEL SETS; FOR PERSONAL TOILET, SEWING OR SHOE OR CLOTHES CLEANING"
8319,"CASES, BAGS, BOXES, OF LEATHER OR COMPOSITION LEATHER,PLASTIC SHEETING, TEXTILE MATERIAL, VULCANIZED FIBRES, ETC"
8411,"OVERCOATS, CAR-COATS, CAPES, CLOAKS, ANORAKS (INCLUDING SKI-JACKETS), WIND-CHEATERS, WIND-JACKETS AND SIMILAR ARTICLES (OTHER THAN SUBGROUP 841.2 OR HEADING 841.3), NOT KNITTED OR CROCHETED, MEN'S OR BOY'S"
8412,SUITS AND ENSEMBLES
8413,"JACKETS AND BLAZERS, NOT KNITTED OR CROCHETED, MEN'S OR BOY'S"
8414,"TROUSERS, BIB AND BRACE OVERALLS, BREECHES AND SHORTS"
8415,SHIRTS
8416,"MEN'S/BOYS' SINGLETS & OTHER VESTS, PANTS, BRIEFS, NIGHT- SHIRTS AND SIM ART, OF TEX FAB, NOT KNITTED OR CROCHETED"
8421,"OVERCOATS, CAR-COATS, CAPES, CLOCKS, ANORAKS (INCL. SKI-JACKETS), WIND-CHEATERS, WIND-JACKETS AND SIMILAR ARTICLES (OTHER THAN HEADINGS 842.2 OR 842.3), NOT KNITTED OR CROCHETED, WOMEN'S OR GIRLS'"
8422,SUITS AND ENSEMBLES
8423,"JACKETS, NOT KNITTED OR CROCHETED, WOMEN'S OR GIRLS'"
8424,"WOMEN'S AND GIRLS' DRESSES, OF TEXTILE FABRICS, NOT KNITTED OR CROCHETED"
8425,"WOMEN'S AND GIRLS' SKIRTS AND DIVIDED SKIRTS, OF TEXTILE FABRICS, NOT KNITTED OR CROCHETED"
8426,"TROUSERS, BIB AND BRACE OVERALLS, BREECHES AND SHORTS, NOT KNITTED OR CROCHETED, WOMEN'S OR GIRLS'"
8427,"WOMEN'S AND GIRLS' BLOUSES, SHIRTS AND SHIRT-BLOUSES, OF TEXTILE FABRICS, NOT KNITTED OR CROCHETED"
8428,"SINGLETS AND OTHER VESTS, SLIPS, PETTICOATS, BRIEFS, PENTIES, NIGHTDRESSES, PYJAMAS, NEGLIGEES, BATHROBESS, DRESSING GOWNS AND SIMILAR ARTICLES"
8431,"OVERCOATS, CAR-COATS, CAPES, CLOCKS, ANORAKS (INCL. SKI-JACKETS), WIND-CHEATERS, WIND-JACKETS AND SIMILAR ARTICLES (OTHER THAN THOSE OF HEADING 843.2), KNITTED OR CROCHETED, MEN'S OR BOY'S"
8432,"MEN'S OR BOYS' SUITS, ENSEMBLES, JACKETS, BLAZERS, BIBS AND SIM ART, OF TEX FAB, KNITTED OR CROCHETED"
8437,"MEN'S OR BOYS' SHIRTS, OF TEXTILE FABRICS, KNITTED OR CROCHETED"
8438,"MEN'S OR BOYS' UNDERPANTS, BRIEFS, PYJAMAS, BATHROBES AND SIMILAR ARTICLES, OF TEX FAB, KNITTED OR CROCHETED"
8441,"OVERCOATS, CAR-COATS, CAPES, CLOCKS, ANORAKS (INCL. SKI-JACKETS), WIND-CHEATERS, WIND-JACKETS AND SIMILAR ARTICLES (OTHER THAN THOSE OF HEADING 844.23)"
8442,"SUITS, ENSEMBLES, JACKETS, BLAZERS, DRESSES, SKIRTS, DEVIDED SKIRTS, TROUSERS, BIB AND BRACE OVERALLS, BREECHES AND SHORTS"
8447,"BLOUSES, SHIRTS AND SHIRT-BLOUSES"
8448,"SLIPS, PETTICOATS, BRIEFS, PANTIES, NIGHTDRESSES, PYJAMAS, NEGLIGEES, BATHROBES, DRESSING GOWNS AND SIMILAR ARTICLES, KNITTED OR CROCHETED, WOMEN'S OR GIRLS'"
8451,"BABIES' GARMENTS AND CLOTHING ACCESSORIES, WHETHER OR NOT KNITTED OR CROCHETED"
8452,"CLOTHING ACCESSORIES; GARMENTS MADE UP OF FABRICS OF HEADINGS 657.1, 657.2 AND 657.32, WHETHER OR NOT KNITTED OR CROCHETED"
8453,"JERSEYS, PULLOVERS, CARDIGANS, WAISTCOATS AND SIMILAR ARTICLES, KNITTED OR CROCHETED"
8454,"T-SHIRTS, SINGLETS AND OTHER VESTS, KNITTED OR CROCHETED"
8455,"BRASSIERES, GIRDLES, CORSETS, BRACES, SUSPENDERS, GARTERS AND SIMILAR ARTICLES PARTS THEREOF, WHETHER OR NOT KNITTED OR CROCHETED"
8456,SWIMWEAR
8458,"OTHER GARMENTS, NOT KNITTED OR CROCHETED"
8459,"OTHER GARMENTS, KNITTED OR CROCHETED"
8461,"CLOTHING ACCESSORIES, NOT FOR BABIES, NOT KNITTED OR CROCHETED"
8462,"PANTY HOSE, TIGHTS, STOCKINGS, SOCKS AND OTHER HOSIERY, KNITTED OR CROCHETED"
8469,"OTHER MADE UP CLOTHING ACCESSORIES; PARTS OF GARMENTS, OR CLOTHING ACCESSORIES"
8481,"ARTICLES OF APPAREL AND CLOTHING ACCESSORIES, OF LEATHER OR COMPOSITION LEATHER (NOT INCLUDING GLOVES, MITTENS AND MITTS OF HEADING 894.77)"
8482,"ARTICLES OF APPAREL AND CLOTHING ACCESSORIES (INCLUDING GLOVES), FOR ALL PURPOSES, OF PLASTICS OR OF VULCANISED RUBBER (OTHER THAN HARD RUBBER)"
8483,"ARTICLES OF APPAREL AND CLOTHING ACCESSORIES AND OTHER ART, OF FURSKINS; ARTIFICIAL FUR AND ARTICLES THEREOF"
8484,"HEADGEAR AND FITTINGS THEREFOR, NOT ELSEWHERE SPECIFIED"
8511,"FOOTWEAR; INCORPORATING A PROTECTIVE METAL TOE-CAP, NOT INCLUDING SPORTS FOOTWEAR"
8512,FOOTWEAR; SPORTS
8513,"FOOTWEAR; N.E.S. IN SUBGROUP 8511 AND 8512, WITH OUTER SOLES AND UPPER OF RUBBER OR PLASTICS"
8514,"OTHER FOOTWEAR, WITH UPPERS OF LEATHER OR COMPOSITION LEATHER"
8515,"FOOTWEAR; N.E.S. IN SUBGROUP 8511 AND 8512, WITH UPPERS OF TEXTILE MATERIALS"
8517,FOOTWEAR; N.E.S. IN GROUP 851
8519,"PARTS OF FOOTWEAR (INCLUDING UPPERS, WHETHER OR NOT ATTACHED TO SOLES OTHER THAN OUTER SOLES); REMOVABLE IN-SOLES, HEEL CUSHIONS AND SIMILAR ARTICLES; GAITERS, LEGGINGS AND SIMILAR ARTICLES, AND PARTS THEREOF"
8711,"BINOCULARS, MONOCULARS, OTHER OPTICAL TELESCOPES, MOUNTINGS THEREFORE; OTHER ASTRONOMICAL INSTRUMENTS AND MOUNTINGS THEREFORE (NOT INCLUDING INSTRUMENT FOR RADIO-ASTROMY)"
8713,"OPTICAL INSTRUMENTS AND APPARATUS; MICROSCOPES (OTHER THAN OPTICAL MICROSCOPES); DIFFRACTION APPARATUS; PARTS AND ACCESSORIES THEREOF, N.E.S"
8714,"OPTICAL INSTRUMENTS AND APPARATUS; COMPOUND OPTICAL MICROSCOPES (INCLUDING THOSE FOR MICROPHOTOGRAPHY, MICROCINEMATOGRAPHY, OR MICROPROJECTION)"
8719,"OPTICAL INSTRUMENTS AND APPARATUS; LASERS (OTHER THAN LASER DIODES); OTHER OPTICAL APPLIANCES AND INSTRUMENTS, NOT ELSEWHERE SPECIFIED"
8721,"INSTRUMENTS AND APPLIANCES; DENTAL , N.E.S"
8722,"INSTRUMENTS AND APPLIANCES USED IN MEDICAL, SURGICAL OR VETERINARY SCIENCES"
8723,"MECHANO-THERAPY APPLIANCES; MASSAGE APPARATUS; PSYCHOLOGICAL APTITUDE-TESTING APPARATUS; OZONE THERAPY, OXYGEN THERAPY, AEROSOL THERAPY, ARTIFICIAL RESPIRATION OR OTHER THERAPEUTIC RESPIRATION APPARATUS; OTHER BREATHING APPLIANCE AND GAS MASKS (EXCLUDING"
8724,"MEDICAL, DENTAL, SURGICAL OR VET FURNITURE; BARBERS' CHAIRS AND SIMILAR CHAIRS WITH ROTATING MOVEMENTS"
8731,"METERS; GAS, LIQUID OR ELECTRICITY SUPPLY OR PRODUCTION, INCLUDING CALIBRATING METERS THEREFOR"
8732,"REVOLUTION COUNTERS,PRODUCTION COUNTERS, TAXIMETER, ETC., SPEED INDICATORS AND TACHO-METERS; STROBOSCOPE"
8741,"COMPASSES; NAVIGATIONAL INSTRUMENT AND APPARATUS; SURVEYING, HYDROGRAPHIC, OCEANO-GRAPHIC APPARATUS"
8742,"DRAWING, MARKING-OUT OR MATHEMATICAL CALCULATING INSTRUMENT (E.G., DRAFTING MACHINES, PHOTOGRAPH, PROTACTORS, DRAWING SETS, SLIDE RULES, DISC CALCULATORS), INSTRUMENTS FOR MEASURING LENGTH, FOR USE IN THE HAND (E.G., MEASURING RODS AND TAPES, MICROMETERS,"
8743,"INSTRUMENT AND APPARATUS FOR MEASURING OR CHECKING THE FLOW, LEVEL, PRESSURE, OTHER VARIABLE OF LIQUIDS OR GASES; (E.G., FLOW MATERS LAVEL GAUGES, MANOMETER, HEAT METERS), EXCLUDING INSTRUMENTS AND APPARATUS OF HEADING 873.1, 874.1 AND 874.6; PARTS AND AC"
8744,"INST AND APP FOR PHYSICAL OR CHEM ANALYSIS; INST & APP FOR MEASURING/CHECKING VISCOSITY, POROSITY, QUANTITY"
8745,"MEASURING, CONTROLLING AND SCIENTIFIC INSTRUMENTS, NOT ELSEWHERE SPECIFIED"
8746,AUTOMATIC REGULATING OR CONTROLLING INSTRUMENTS AND APPARATUS
8747,"OSCILLOSCOPE, SPECTRUM ANALYZERS AND OTHER INSTRUMENTS AND APPRATUS FOR MEASURING OR CHECKING ELECTRICAL QUANTITIES (OTHER THAN METERS OF HEADING 873.1); INSTRUMENTS AND APPARATUS FOR MEASURING OR DETECTING ALPHA, BETA, GAMMA, X-RAY, COSAIC OR OTHER IONIZ"
8749,"PARTS AND ACCESSORIES FOR MACHINES, APPLIANCES, INTRUMENTS AND APPARATUS, NOT ELSEWHERE SPECIFIED"
8811,PHOTOGRAPHIC (OTHER THAN CINENATOGRAPHIC) CAMERAS; PHOTOGRAPHIC FLASHLIGHTS APPARATUS AND FLASHBULBS (OTHER THAN DISCHARGE LAMPS OF HEADING 778.2); PARTS AND ACCESSORIES THEREOF
8812,"CINEMATOGRAPHIC CAMERAS AND PROJECTORS, WHETHER OR NOT INCORP SOUND RECORD/REPROD APPARATUS; PARTS AND ACCS"
8813,"PHOTOGRAPHIC AND CINEMATOGRAPHIC APPARATUS AND EQUIPMENT, NOT ELSEWHERE SPECIFIED"
8821,"CHEM PREPNS FOR PHOTOGRAPHIC USES; UNMIXED PDTS FOR PHOTOGRAPHIC USES, FOR RETAIL SALE IN READY FORM"
8822,"PHOTOGRAPHIC PLATES AND FILM IN THE FLAT, SENTITISED, UNEXPOSED, OF ANY MATERIALS OTHER THAN PAPER, PAPERBOARD OR TEXTILES; INSTANT PRINT FILM IN THE FLAT, SENSITISED, UNEXPOSED, WHETHER OR NOT IN PACKS"
8823,"PHOTOGRAPHIC FILM OR INSTANT PRINT FILM IN ROLLS, SENSITISED AND UNEXPOSED, OF ANY MATERIAL, OTHER THAN PAPER"
8824,"PHOTOGRAPHIC PAPER, PAPERBOARD AND TEXTILE, SENSITISED, UNEXPOSED"
8825,"PHOTOGRAPHIC PLATES, FILM, PAPER, PAPERBOARD & TEXTILE, EXPOSED BUT NOT DEVELOPED"
8826,"PHOTOGRAPHIC PLATES, FILM, EXPOSED AND DEVELOPED, OTHER THAN CINEMATOGRAPHIC FILM"
8831,"CINEMATOGRAPHIC FILM, EXPOSED AND DEVELOPED, WHETHER OR NOT INCORPORATING SOUND TRACK OR CONSISTING ONLY OF SOUND TRACK, OF A WIDTH OF 35 MM OR MORE"
8839,"OTHER CINEMATOGRAPHIC FILM, EXPOSED AND DEVELOPED, WHETHER OR NOT INCORPORATING SOUND TRACK OR CONSISTING ONLY OF SOUND TRACK OF A WIDTH OF 35 MM OR MORE"
8841,"OPT FIBRES AND FIBRE BUNDLES; OPTICAL FIBRE CABLES; SHEETS AND PLATES OF POLARISING MATERIAL; LENSES, PRISMS"
8842,OPTICAL GOODS; SPECTACLES AND SPECTACLE FRAMES
8843,"LENSES, PRISMS, MIRRORS, AND OTHER OPTICAL ELEMENTS OF ANY MATERIAL, MOUNTED, BEING PARTS OF OR FITTINGS FOR INSTRUMENTS OR APPARATUS, OTHER THAN SUCH ELEMENTS OF GLASS NOT OPTICALLY WORKED"
8853,"WATCHES; WRIST, POCKET AND OTHER (INCLUDING STEP WATCHES), WITH CASE WHOLLY OR PARTLY OF PRECIOUS METAL OR METAL CLAD WITH PRECIOUS METAL"
8854,"WRIST WATCHES, POCKET WATCHES AND OTHER WATCHES"
8855,"WATCH MOVEMENTS, COMPLETE AND ASSEMBLED"
8857,CLOCKS
8859,TIME MEASURING EQUIPMENT AND ACCESSORIES AND PARTS AND ACCESSORIES FOR CLOCKS AND WATCHES
8911,ARMOURED FIGHTING VEHICLES AND ARMS OF WAR
8912,"BOMBS, GRENADES, TORPEDOES, MINES, MISSILES, AND SIMILAR MUNITIONS OF WAR AND PARTS THEREOF, CATRIDGES AND OTHER AMMUNITION AND PROJECTILES AND PARTS THERESOF INCLUDING SHOT AND CARTRIDGE WADS"
8913,NON-MILITARY ARMS
8919,"PARTS AND ACCESSORIES, FOR MILITARY WEAPONS, REVOLVERS, PISTOLS AND NON-MILITARY ARMS"
8921,"BOOKS, PAMPHLETS, MAPS AND GLOBES, PRINTED (NOT INCLUDING ADVERTISING MATERIAL)"
8922,"NEWSPAPERS, JOURNALS AND PERIODICALS, WHETHER OR NOT ILLUSTRATED OR CONTAINING ADVERTISING MATERIAL"
8924,"POSTCARDS, PERSONAL GREETING MESSAGE OR ANNOUNCEMENT CARDS AND TRANSFERS (DECALONANIAS), PRINTED BY ANY PROCESS"
8928,"PRINTED MATTER, NOT ELSEWHERE SPECIFIED"
8931,"ARTICLES FOR THE CONVEYANCE OR PACKING OF GOODS, STOPPERS, LIDS, CAPS AND OTHER CLOSURES, OF PLASTICS"
8932,PLASTICS; BUILDERS'WARE
8933,"FLOOR COVERINGS, WALL OR CEILING COVERINGS, HOUSEHOLD AND TOILET ART OF PLASTICS"
8939,"PLASTICS; ARTICLES, N.E.S IN GROUP 893"
8941,"BABY CARRIAGES AND PARTS THEREOF, NOT ELSEWHERE SPECIFIED"
8942,"TRICYCLES, SCOOTERS, PEDAL CAR AND SIMILAR WHEELED TOYS; DOLLS' CARRIAGES; DOLLS; OTHER TOYS; REDUCED SIZE (SCALE) MODELS AND SIMILAR RECREATIONAL MODELS, WORKING OR NOT; PUZZLES OF A KIND"
8943,"ARTICLES FOR FUNFAIR, TABLE OR PARLOUR GAMES (INCLUDING PINTABLES, BILLIARDS AND SPECIAL TABLES FOR CASINO GAMES AND AUTOMATIC BOWLING ALLEY EQUIPMENT)"
8944,"FESTIVE, CARNIVAL OR OTHER ENTERTAINMENT ARTICLES (E.G., CONJURING TRICKS AND NOVELTY JOKES), INCLUDING CHRISTMAS TREE DECORATION AND SIMILAR ARTICLE CHRISMAS FESTIVITIES (E.G., ARTIFICIAL CHRISMAS TREES, CHRISMAS STOKINGS, IMITATION YULE LOGS, NATIVITY S"
8946,"ROUNDABOUTS, SWINGS, SHOOTING GALLERIES AND OTHER FAIRGROUND AMUSEMENTS, TRAVELING CIRCUSES, TREVELLING MENAGERIES AND TREVELLING THEATRES"
8947,SPORTS GOODS
8951,"OFFICE AND STATIONERY SUPPLIES, OF BASE METAL"
8952,"PENS, PENCILS AND FOUNTAIN PENS"
8959,OTHER OFFICE AND STATIONERY SUPPLIES
8961,"PAINTINGS, DRAWINGS AND PASTELS, EXECUTED ENTIRELY BY HAND; COLLAGES AND SIMILAR DECORATIVE PLAQUES"
8962,"ORIGINAL ENGRAVINGS, PRINTS AND LITHOGRAPHS"
8963,"ORIGINAL SCULPTURES AND STATUARY, IN ANY MATERIAL"
8964,"POSTAGE AND REVENUE STAMPS, STAMP-POSTMARKS, FIRST- DAYCOVERS, POSTAL STATIONERY, ETC., USED OR UNUSED"
8965,"COLLECTIONS AND COLLECTORS' PIECES OF ZOOLOGICAL, BOTANICAL MINERALOGICAL, ANATONICAL, HISTORICAL, ARCHAEOLOGICAL, PALEONTOLOGICAL, ETHNOGRAPHIC OR NUMISMATIC INTEREST"
8966,ANTIQUES OF AN AGE EXCEEDING 100 YEARS
8972,IMITATION JEWELLERY
8973,"JEWELLERY OF GOLD, SILVER OR PLATINUM GROUP METALS (EXCEPT WATCHES AND WATCH CASES) AND GOLDSMITHS' OR SILVERSMITHS' WARES (INCLUDING SET GEMS)"
8974,OTHER ARTICLES OF PRECIOUS METAL OR METAL CLAD WITH PRECIOUS METAL
8981,PIANOS AND OTHER STRING MUSICAL INSTRUMENTS
8982,"MUSICAL INSTRUMENTS, EXCLUDING PIANOS AMD OTHER STRING MUSICAL INSTRUMENTS"
8984,MAGNETIC TAPES FOR SOUND RECORDING OR SIMILAR RECORDING OF OTHER PHENOMENA
8989,"PARTS AND ACCESSORIES OF MUSICAL INSTRUMENTS (E.G., MECHANISMS FOR MUSICAL BOXES, PERFORATED CARDS, DISCS AND ROLLS FOR MECHANICAL INSTRUMENT); METRONOMES, TUNING FORKS OR PITCH PIPES OF ALL KINDS"
8991,"ARTICLES AND MANUFACTURING OF CARVING OR MOULDING MATERIALS, NOT ELSEWHERE SPECIFIED"
8992,"ARTIFICIAL FLOWERS, FOLIAGE OR FRUIT AND PARTS THEREOF; ARTS MADE OF ARTIFICIAL FLOWERS, FOLIAGE OR FRUITS"
8993,"CANDLES; MATCHES; PYROPHORIC ALLOYS, ART OF COMBUSTIBLE MATERIALS; SMOKERS' REQUISITES"
8994,"UMBRELLAS, SUN UMBRELLAS, WALKING-STICKS, SEAT-STICKS, WHIPS, RIDING CROPS AND PARTS THEREOF"
8996,"ORTHOPEADIC APP; SPLINTS AND OTHER FRACTURE APP; ARTIFICIAL PARTS OF BODY; HEARING AIDS, ETC, FOR DEFECTS"
8997,"BASKETWARE, WICKERWORK AND OTHER ARTICLES OF PLAITING MATERIALS, N.E.S.; BROOMS, BRUSHES, PAINT ROLLERS, SQUEEGEES AND MOPS"
8998,"SMALL-WARES AND TOILET ARTICLES, NOT ELSEWHERE SPECIFIED,; STAVES; TAILORS' DUMMIES, ETC"
8999,"MANUFACTURES GOODS, NOT ELSEWHERE SPECIFIED"
9310,SPECIAL TRANSACTIONS AND COMMODITIES NOT CLASSIFIED ACCORDING TO KIND
9610,"COIN, NOT BEING LEGAL TENDER"
9710,"GOLD, NON-MONETARY"